Country or Area,Year,GDP per capita (USD),Gross Domestic Product (GDP),Agglo,Mean,Birch,,avvg
Iceland,1970,76867.29879,518902045.5,3,3,1,,2.333333333
Iceland,1971,73246.25688,660321818.9,0,2,2,,1.333333333
Iceland,1972,62064.99358,827209910.2,0,0,3,,1
Bolivia,1970,3548.590155,1010101010,0,0,3,,1
United Arab Emirates,1970,43004.95336,1067266664,0,0,3,,1
Bolivia,1971,3351.127399,1094276094,0,0,3,,1
Iceland,1973,52655.47383,1133377440,0,0,3,,1
Bolivia,1972,3076.656283,1278676194,0,0,3,,1
Bolivia,1973,3035.972213,1299350325,0,0,3,,1
Iceland,1975,49004.13992,1386078012,2,2,2,,2
United Arab Emirates,1971,39811.6347,1462298219,0,0,3,,1
Iceland,1974,54042.5267,1492718481,0,0,3,,1
Iceland,1976,45214.14966,1644740675,2,2,2,,2
Syrian Arab Republic,1970,981.301766,1755897436,3,3,1,,2.333333333
Lebanon,1976,7987.328791,1908332325,3,3,1,,2.333333333
Singapore,1970,62720.87958,1919496147,3,3,1,,2.333333333
Lebanon,1970,8223.657767,1989537972,3,3,1,,2.333333333
Syrian Arab Republic,1971,771.0774984,2062564103,0,0,3,,1
Bolivia,1974,3081.878823,2148925537,0,0,3,,1
Iceland,1977,46861.72111,2175791271,2,2,2,,2
Lebanon,1987,4275.937288,2180269236,3,3,1,,2.333333333
United Arab Emirates,1972,38141.85652,2201609970,0,0,3,,1
Lebanon,1971,7829.722702,2235674197,0,2,2,,1.333333333
Singapore,1971,58983.26462,2270330158,3,3,1,,2.333333333
Lebanon,1985,4512.280099,2275418244,0,2,2,,1.333333333
Syrian Arab Republic,1972,708.6716873,2381025641,0,0,3,,1
Bolivia,1975,2908.199819,2398800600,0,0,3,,1
Iceland,1978,42717.74459,2474607015,3,3,1,,2.333333333
Syrian Arab Republic,1973,1060.713972,2550000000,0,0,3,,1
Lebanon,1984,4627.657988,2642991314,3,3,1,,2.333333333
Iceland,1983,56995.71423,2724977729,2,2,2,,2
Bolivia,1976,2609.880814,2748625687,0,0,3,,1
Bolivia,1977,2346.349839,2762925958,0,0,3,,1
Lebanon,1972,7631.353236,2788620191,3,3,1,,2.333333333
Lebanon,1986,4474.28117,2808570210,3,3,1,,2.333333333
Iceland,1979,41652.12691,2811162820,3,3,1,,2.333333333
Sri Lanka,1970,4189.687658,2815130072,0,0,3,,1
Iceland,1984,47525.13966,2822002329,2,2,2,,2
Lebanon,1989,4538.432325,2852034524,3,3,1,,2.333333333
Sri Lanka,1971,4166.014891,2881312510,0,0,3,,1
Iceland,1985,39638.75061,2939847399,3,3,1,,2.333333333
Lebanon,1990,4578.307818,2950195892,3,3,1,,2.333333333
Singapore,1972,55991.89327,2950257779,3,3,1,,2.333333333
Bolivia,1978,1955.47696,3017969187,0,0,3,,1
Iceland,1982,57441.67076,3159113435,3,3,1,,2.333333333
Sri Lanka,1972,3919.907938,3218597319,3,3,1,,2.333333333
Bolivia,1979,1754.214736,3272715971,0,0,3,,1
Iraq,1970,5523.07895,3288608028,3,3,1,,2.333333333
Sri Lanka,1978,2799.649154,3326572048,0,0,3,,1
Iceland,1980,57599.81612,3331296106,1,3,1,,1.666666667
Iceland,1981,70498.56294,3441257822,1,3,1,,1.666666667
Lebanon,1988,4340.229536,3476945821,3,3,1,,2.333333333
Sri Lanka,1973,3855.173736,3502373692,3,3,1,,2.333333333
Bolivia,1980,1715.207371,3519392021,0,0,3,,1
Lebanon,1982,4632.318081,3550854622,2,2,2,,2
Lebanon,1977,7703.861577,3572083752,3,3,1,,2.333333333
Lebanon,1973,7649.832627,3636868415,3,3,1,,2.333333333
Iraq,1971,5076.691876,3695120655,0,0,3,,1
Iraq,1972,4550.658638,3710895417,0,0,3,,1
Lebanon,1983,4573.533555,3762840686,0,0,3,,1
Bolivia,1981,1372.617904,3888030096,0,0,3,,1
Bolivia,1983,1034.315821,3919829886,0,0,3,,1
Iceland,1986,32575.22113,3930522350,2,2,2,,2
Bolivia,1982,1218.87199,3948283744,0,0,3,,1
Libya,1970,5147.333759,3978874521,3,3,1,,2.333333333
Lebanon,1978,7756.74581,3980333806,3,3,1,,2.333333333
Bolivia,1984,967.3744877,4036816781,0,0,3,,1
Sri Lanka,1979,2392.379807,4062258962,3,3,1,,2.333333333
Syrian Arab Republic,1974,1235.356766,4090000000,0,0,3,,1
Bolivia,1986,904.2266197,4102533599,0,0,3,,1
Bolivia,1985,907.541054,4124273816,0,0,3,,1
Ghana,1973,1765.993664,4185592032,0,0,3,,1
Singapore,1973,54765.04729,4227574234,3,3,1,,2.333333333
United Arab Emirates,1973,38663.37156,4267682605,0,0,3,,1
Sri Lanka,1976,3332.964742,4290637978,0,0,3,,1
Bolivia,1987,948.8688054,4313328476,0,0,3,,1
Lebanon,1975,7925.994476,4354636644,3,3,1,,2.333333333
Lebanon,1991,4262.796261,4355716759,3,3,1,,2.333333333
Sri Lanka,1974,3817.322862,4358964299,3,3,1,,2.333333333
Ghana,1972,1931.389538,4481258332,0,3,3,,2
Sri Lanka,1975,3596.652156,4509822194,0,0,3,,1
Lebanon,1979,7371.096741,4596848302,3,3,1,,2.333333333
Bolivia,1988,997.5757404,4597612302,0,0,3,,1
Iraq,1973,4688.318938,4655090678,0,0,3,,1
Ghana,1975,2378.220096,4664250085,0,0,3,,1
Lebanon,1974,7713.745443,4672176711,0,0,3,,1
Ghana,1970,2201.584397,4697713819,3,3,1,,2.333333333
Bolivia,1989,1003.390789,4715974510,0,0,3,,1
Ghana,1976,2135.398102,4747223139,0,0,3,,1
Sri Lanka,1977,3200.860618,4854356293,0,0,3,,1
Iraq,1995,372.2090479,4863142893,3,3,1,,2.333333333
Bolivia,1990,1049.493017,4867583881,0,0,3,,1
Ghana,1974,1968.875165,4874868774,0,0,3,,1
Libya,1971,3817.248991,4880522698,0,0,3,,1
Sri Lanka,1980,2331.632688,4890608252,0,0,3,,1
Ghana,1971,2025.820309,5128224574,0,0,3,,1
Ghana,1977,2062.806618,5156850046,0,0,3,,1
Sri Lanka,1981,1865.91291,5196966965,0,2,2,,1.333333333
Lebanon,1981,5217.475217,5206435563,1,3,1,,1.666666667
Singapore,1974,56692.30725,5260730995,3,3,1,,2.333333333
Syrian Arab Republic,1975,1379.89373,5310512821,0,0,3,,1
Bolivia,1991,998.5232446,5343262434,0,0,3,,1
Iceland,1987,29003.72571,5438539826,0,0,3,,1
Lebanon,1980,6134.127547,5447032426,1,3,1,,1.666666667
Iraq,1974,6637.683989,5482791021,0,0,3,,1
Sri Lanka,1982,1643.233356,5544973228,0,0,2,,0.666666667
Bangladesh,1971,1538.233627,5577824265,0,3,3,,2
Iceland,1989,32287.0764,5588533824,2,2,2,,2
Iraq,1994,288.7973526,5642909663,3,3,1,,2.333333333
Bolivia,1992,950.8541574,5643867693,0,0,3,,1
Lebanon,1992,3775.597657,5734175736,3,3,1,,2.333333333
Bolivia,1993,880.982582,5734706239,0,0,3,,1
Singapore,1975,55953.76466,5789229539,3,3,1,,2.333333333
Libya,1972,2359.718945,5844722462,0,0,3,,1
Bolivia,1994,801.0332273,5981149294,0,0,3,,1
Ghana,1978,1718.647038,5987410184,0,0,3,,1
Sri Lanka,1983,1429.111747,5994836427,0,2,2,,1.333333333
Iceland,1988,32105.99814,6016171227,0,2,2,,1.333333333
Singapore,1976,54308.76638,6071574803,3,3,1,,2.333333333
Iceland,1993,26223.25596,6126457837,2,1,2,,1.666666667
Bangladesh,1970,1670.796355,6195774654,0,3,3,,2
Bangladesh,1972,1394.605662,6211616978,0,0,3,,1
Iceland,1994,23741.61926,6294805447,2,1,2,,1.666666667
Ghana,1979,1422.601095,6321202857,0,0,3,,1
Iceland,1990,30854.39238,6372907807,3,3,1,,2.333333333
Syrian Arab Republic,1976,2291.618515,6388461538,0,0,3,,1
New Zealand,1970,43836.15252,6496865680,2,2,2,,2
Singapore,1977,52553.40927,6702713784,3,3,1,,2.333333333
Bolivia,1995,784.1957976,6715147012,0,0,3,,1
Bangladesh,1973,1244.53229,6769905148,0,0,3,,1
Iceland,1991,27798.82535,6807361090,1,5,0,,2
Iraq,1975,7076.554613,6851397169,0,0,3,,1
Sri Lanka,1984,1219.693003,6853904411,0,2,2,,1.333333333
Sri Lanka,1985,1124.071703,6872669829,0,2,2,,1.333333333
Ghana,1980,1602.504302,6923959064,0,0,3,,1
Iceland,1992,27136.64719,6976076290,1,5,0,,2
Syrian Arab Republic,1977,3191.994378,6991025641,0,0,2,,0.666666667
Iceland,1995,23325.02527,7018103770,2,1,2,,1.666666667
Iraq,1993,241.3549712,7055254141,0,0,3,,1
Ghana,1983,1043.557511,7168778648,0,0,3,,1
Ghana,1982,1207.207961,7228610064,0,0,3,,1
Sri Lanka,1986,1026.772461,7282870926,0,2,2,,1.333333333
Ghana,1981,1427.032007,7314275145,0,0,3,,1
Iceland,1996,26815.48904,7330965239,2,1,2,,1.666666667
Bolivia,1996,788.1484073,7396948369,0,0,3,,1
Iceland,1997,26423.62936,7580989864,0,0,3,,1
Sri Lanka,1987,971.0487117,7588153682,0,2,2,,1.333333333
Bolivia,2002,650.2534579,7905485150,0,2,2,,1.333333333
Lebanon,1993,3260.974569,7909021591,3,3,1,,2.333333333
Bolivia,1997,762.0763392,7925736316,0,0,3,,1
New Zealand,1971,43686.59709,7937704851,2,2,2,,2
Libya,1973,2752.38466,8003296604,0,0,3,,1
Singapore,1978,46075.30935,8062400372,3,3,1,,2.333333333
Ghana,1984,885.6375073,8069698047,0,0,3,,1
Bolivia,2003,667.4165407,8082399992,0,2,2,,1.333333333
Bangladesh,1974,1120.013603,8086908660,0,0,3,,1
Sri Lanka,1988,1018.862658,8138939271,0,2,2,,1.333333333
Bolivia,2001,669.4772028,8141517335,0,2,2,,1.333333333
Sri Lanka,1989,988.1597653,8148459901,0,2,2,,1.333333333
Iceland,2001,22013.38897,8205357028,2,1,2,,1.666666667
Pakistan,1972,1362.860008,8251877546,0,3,3,,2
Bolivia,1999,701.665499,8285063968,0,2,2,,1.333333333
Iraq,1991,434.8663443,8363092710,0,0,3,,1
Syrian Arab Republic,1978,2830.428555,8383589744,0,0,2,,0.666666667
Bolivia,2000,698.6921444,8397855942,0,2,2,,1.333333333
Bangladesh,1975,1004.867177,8474735037,0,0,3,,1
Iceland,1998,24987.58173,8494090805,2,1,2,,1.666666667
Bolivia,1998,709.0598561,8497494131,0,2,2,,1.333333333
Iraq,1996,536.7746273,8529100615,0,0,3,,1
Iraq,1976,6836.027509,8720599387,0,0,3,,1
Ghana,1985,780.2675647,8747801040,0,0,3,,1
Bolivia,2004,666.7880353,8773156956,0,2,2,,1.333333333
Pakistan,1973,1339.012975,8848524430,0,3,3,,2
Iceland,1999,22140.43581,8971609920,2,1,2,,1.666666667
Iceland,2000,24088.19499,9003645587,2,1,2,,1.666666667
Iceland,2002,16086.87539,9294655271,2,1,4,,2.333333333
Iraq,1997,467.4871783,9323349169,3,3,1,,2.333333333
Lebanon,1994,2751.26866,9363549454,3,3,1,,2.333333333
Ghana,1986,646.0387188,9389148814,3,3,1,,2.333333333
Sri Lanka,1990,1000.191486,9389550990,0,2,2,,1.333333333
Iraq,1977,6045.495551,9433213521,0,0,3,,1
Bangladesh,1976,853.6053578,9447322262,0,0,3,,1
Bolivia,2005,660.703762,9549120156,0,2,2,,1.333333333
New Zealand,1972,40397.71611,9657216000,2,2,2,,2
Singapore,1979,38739.96276,9719674880,3,3,1,,2.333333333
Syrian Arab Republic,1986,1274.949642,9739877593,0,2,2,,1.333333333
Iraq,1992,410.3868863,9878120685,0,0,3,,1
Bangladesh,1977,827.3845735,9949540465,0,0,3,,1
Syrian Arab Republic,1985,1197.662768,10044355487,0,2,2,,1.333333333
Syrian Arab Republic,1979,2551.733439,10077435897,0,0,2,,0.666666667
Ghana,1987,570.6396045,10082626157,0,0,3,,1
Colombia,1970,6649.635537,10096490429,0,0,3,,1
Syrian Arab Republic,1987,1252.989572,10171076573,0,2,2,,1.333333333
Syrian Arab Republic,1989,1111.924847,10284555321,0,2,2,,1.333333333
Ghana,2000,790.5453165,10569787947,0,0,3,,1
Sri Lanka,1991,967.612347,10574578682,0,2,2,,1.333333333
Colombia,1971,6374.788401,10957914070,0,0,3,,1
"Iran, Islamic Rep.",1970,5783.494876,10976245143,3,3,1,,2.333333333
Ghana,1988,548.2580474,11025768732,0,0,3,,1
Ghana,1989,870.2745699,11139999506,0,0,3,,1
Syrian Arab Republic,1990,1119.797031,11158969882,0,2,2,,1.333333333
Ghana,2001,743.9942838,11274085579,0,0,3,,1
Sri Lanka,1992,899.1518958,11386333004,0,2,2,,1.333333333
Iceland,2003,12169.14919,11414057517,2,1,4,,2.333333333
Bolivia,2006,679.0590761,11451845965,0,2,2,,1.333333333
Lebanon,1995,2436.449353,11505957449,3,3,1,,2.333333333
Ghana,1994,697.5957804,11553353899,0,0,3,,1
Pakistan,1974,1274.669722,11660558124,0,3,3,,2
United Arab Emirates,1974,43751.85055,11768960346,0,0,3,,1
Iraq,1998,1370.731799,11891646229,3,3,1,,2.333333333
Syrian Arab Republic,1988,1198.336454,11926773586,0,2,2,,1.333333333
Iraq,1978,4657.280426,11937799908,0,0,3,,1
Singapore,1980,40251.0662,12078880699,3,3,1,,2.333333333
Colombia,1972,5870.777521,12165895797,0,0,3,,1
Sri Lanka,1993,838.3005094,12236614880,0,2,2,,1.333333333
Syrian Arab Republic,2016,350.1435692,12377358504,1,3,1,,1.666666667
Syrian Arab Republic,1994,888.1587081,12390236741,0,0,2,,0.666666667
Syrian Arab Republic,1991,1065.963948,12447856351,0,2,2,,1.333333333
Ghana,1993,806.0353189,12662627054,0,0,3,,1
New Zealand,1973,38458.40251,12704731201,2,2,2,,2
Bangladesh,1978,775.9272509,12750957172,0,0,3,,1
Norway,1970,81335.65122,12814194863,3,3,1,,2.333333333
Ghana,2002,713.1990175,13079946041,0,0,3,,1
Bolivia,2007,682.4582376,13120084507,0,2,2,,1.333333333
Greece,1970,20731.20428,13133730551,3,3,1,,2.333333333
Pakistan,1970,1330.386326,13139261768,3,3,1,,2.333333333
Syrian Arab Republic,1980,2543.448342,13146153846,0,0,2,,0.666666667
Iceland,2009,12433.10712,13164654535,2,1,4,,2.333333333
Syrian Arab Republic,2017,313.8957525,13182092626,3,3,1,,2.333333333
Ghana,1990,864.5710344,13213508687,0,0,3,,1
Syrian Arab Republic,1995,1146.672811,13538886267,0,0,2,,0.666666667
Lebanon,1996,1864.086371,13632418312,3,3,1,,2.333333333
Libya,1975,10414.84526,13649119897,0,0,2,,0.666666667
Iceland,2010,11039.95992,13683689690,2,1,4,,2.333333333
Ghana,1995,786.1682376,13713930861,0,0,3,,1
"Iran, Islamic Rep.",1971,5714.068676,13731801564,0,0,3,,1
New Zealand,1975,42222.80654,13824222272,2,2,2,,2
Iceland,2004,11817.03431,13834758256,2,1,4,,2.333333333
Sri Lanka,1994,766.44876,13868489459,0,2,2,,1.333333333
New Zealand,1976,39430.36412,13904026141,2,2,2,,2
Pakistan,1971,1457.830166,13975754332,0,3,3,,2
Libya,1974,5315.581601,14021762538,0,0,2,,0.666666667
New Zealand,1974,43969.96484,14261899749,2,2,2,,2
Singapore,1981,39308.93947,14363051878,3,3,1,,2.333333333
Colombia,1973,6175.876132,14393517582,0,0,3,,1
Syrian Arab Republic,1992,1026.249852,14446511390,0,2,2,,1.333333333
Norway,1971,75220.81444,14583103533,2,2,2,,2
Greece,1971,19262.0129,14584946182,0,2,2,,1.333333333
Ghana,1992,842.2054361,14609775909,0,0,3,,1
Ghana,1997,976.9203029,14618192883,3,3,1,,2.333333333
Ghana,1996,933.3330549,14707009058,3,3,1,,2.333333333
Pakistan,1975,1151.666255,14715396177,0,3,3,,2
Iceland,2012,7466.218208,14724078264,2,1,4,,2.333333333
Bangladesh,1979,699.85704,14758225423,0,0,3,,1
Ghana,1991,816.2490997,14856385576,0,0,3,,1
United Arab Emirates,1975,42412.62727,14913105618,0,0,3,,1
Syrian Arab Republic,1996,1095.456518,15141436048,0,0,3,,1
Iceland,2011,9789.132261,15158548373,2,1,4,,2.333333333
New Zealand,1977,38124.97737,15206078653,0,2,2,,1.333333333
Sri Lanka,1995,682.6630802,15293042422,0,2,2,,1.333333333
Libya,2016,2511.169742,15319677668,3,3,1,,2.333333333
Bangladesh,1982,496.530233,15443050924,0,0,3,,1
Syrian Arab Republic,1993,943.7728777,15554699248,0,2,2,,1.333333333
Lebanon,1997,1490.812819,15595116149,3,3,1,,2.333333333
Iraq,1981,3182.947935,15748935162,0,0,2,,0.666666667
Bangladesh,1983,414.4847568,15760530887,0,0,3,,1
Iraq,1983,1855.522004,15765093244,0,0,2,,0.666666667
Ghana,1998,894.4196123,15871065351,3,3,1,,2.333333333
Singapore,1982,33571.78678,15873552885,3,3,1,,2.333333333
Iraq,1979,4441.430235,16022183343,0,0,2,,0.666666667
Iceland,2013,6356.115063,16033517529,2,1,4,,2.333333333
Syrian Arab Republic,1997,971.320082,16176339762,0,0,3,,1
Ghana,2003,684.2980181,16190785267,0,0,3,,1
Iraq,1984,1392.356266,16362877481,0,0,2,,0.666666667
Ghana,1999,776.1221554,16371917638,0,0,3,,1
Sri Lanka,1996,641.9601914,16514981826,0,0,3,,1
Iraq,1982,2361.013565,16541748833,0,2,2,,1.333333333
Syrian Arab Republic,2018,276.4957247,16628214359,3,3,1,,2.333333333
Bolivia,2008,630.722763,16674309556,0,2,2,,1.333333333
Lebanon,2000,1295.108652,16678538575,3,3,1,,2.333333333
Bangladesh,1980,635.0955901,16729233787,0,0,3,,1
Iceland,2005,11545.58628,16812538787,2,1,4,,2.333333333
Syrian Arab Republic,1981,2025.921471,16865897436,0,0,2,,0.666666667
Greece,1972,18390.87142,16877458139,0,2,2,,1.333333333
Iraq,1985,902.4730503,16877507943,0,0,2,,0.666666667
Lebanon,1998,1052.497175,16910071490,3,3,1,,2.333333333
Bangladesh,1981,559.5518173,16967808187,0,0,3,,1
Lebanon,1999,1046.065391,17008982362,3,3,1,,2.333333333
Lebanon,2001,817.2046191,17065269991,3,3,1,,2.333333333
Denmark,1970,61833.71346,17075466652,3,3,1,,2.333333333
"Iran, Islamic Rep.",1972,5346.672802,17153470026,0,0,3,,1
Iceland,2006,13542.79152,17216417561,2,1,4,,2.333333333
Pakistan,1976,1146.099479,17254057789,0,3,3,,2
Colombia,1974,8114.345453,17296787102,0,0,3,,1
Bolivia,2009,599.1330894,17340028490,0,2,2,,1.333333333
Norway,1972,70238.71867,17358481291,2,2,2,,2
Iceland,2015,5325.671429,17389101643,2,1,4,,2.333333333
Syrian Arab Republic,1998,896.5785446,17468375691,0,0,3,,1
Iraq,1980,4351.977226,17541009397,0,0,2,,0.666666667
Syrian Arab Republic,1982,1737.151333,17637948718,0,0,2,,0.666666667
Libya,2015,3292.514714,17665671751,3,3,1,,2.333333333
Libya,1976,16094.44425,17718579720,0,2,2,,1.333333333
Iceland,2014,6924.74349,17758050019,2,1,4,,2.333333333
Syrian Arab Republic,1999,851.3391826,17806347826,0,0,3,,1
Sri Lanka,1997,603.0304575,17872670900,3,3,1,,2.333333333
Iceland,2008,14594.17733,17905248439,2,1,4,,2.333333333
Singapore,1983,29870.42402,18001987657,3,3,1,,2.333333333
Colombia,1975,8212.981058,18333385973,0,0,3,,1
Sri Lanka,2001,455.9105723,18364211053,0,0,3,,1
Sri Lanka,1999,476.3300143,18442306336,3,3,1,,2.333333333
New Zealand,1978,33542.73499,18466962199,0,0,3,,1
Bangladesh,1984,408.4343365,18474003543,0,0,3,,1
Singapore,1985,23491.64929,18555053067,3,3,1,,2.333333333
Sri Lanka,1998,541.941245,18568153866,0,0,3,,1
Iraq,1986,978.2673503,18618292772,0,0,2,,0.666666667
Lebanon,2002,1055.507447,18712361081,3,3,1,,2.333333333
Singapore,1986,22400.68374,18762738721,3,3,1,,2.333333333
Syrian Arab Republic,1983,1546.578307,18792564103,0,2,2,,1.333333333
Ghana,2004,650.4851856,18839567115,0,0,3,,1
Denmark,1971,57467.08853,19085584389,0,0,3,,1
Syrian Arab Republic,2015,362.3265113,19090102132,1,3,1,,1.666666667
Sri Lanka,2000,482.2163842,19131796458,3,3,1,,2.333333333
Bangladesh,1985,383.4841059,19169047073,0,0,3,,1
Syrian Arab Republic,1984,1376.825753,19318461538,0,2,2,,1.333333333
United Arab Emirates,1976,40976.50538,19464294994,0,0,3,,1
Singapore,1984,27335.60473,19550103531,3,3,1,,2.333333333
Sri Lanka,2002,443.8377419,19572831562,0,0,3,,1
Bolivia,2010,564.6405295,19649786223,0,2,2,,1.333333333
Syrian Arab Republic,2000,1017.723468,19665717391,0,0,3,,1
Lebanon,2003,858.0024639,19801577179,3,3,1,,2.333333333
Pakistan,1977,1154.529152,19819587047,0,3,3,,2
Bangladesh,1986,356.2457521,20219807923,0,0,3,,1
Libya,1978,13060.15181,20537231307,0,2,2,,1.333333333
Iceland,2016,3940.42705,20618363256,2,1,4,,2.333333333
Iraq,1999,1354.019438,20749777837,0,0,3,,1
Libya,1977,6496.624235,20809491530,0,2,2,,1.333333333
Syrian Arab Republic,2003,943.2531321,20857553398,0,2,2,,1.333333333
New Zealand,1979,28066.36238,20997391444,2,2,2,,2
Syrian Arab Republic,2001,895.2741021,21008326087,0,0,3,,1
Lebanon,2004,1001.871574,21145518600,3,3,1,,2.333333333
Colombia,1976,8042.726956,21468955460,0,0,3,,1
Lebanon,2005,1435.06383,21489950249,3,3,1,,2.333333333
Iceland,2007,14918.92026,21514962933,2,1,4,,2.333333333
Singapore,1987,21898.92373,21606296346,3,3,1,,2.333333333
Sri Lanka,2003,424.8609587,21609196009,0,0,3,,1
Syrian Arab Republic,2002,885.099677,21782045455,0,2,2,,1.333333333
Libya,2002,6088.204599,21912650459,2,1,4,,2.333333333
Lebanon,2006,1362.496253,22048689884,3,3,1,,2.333333333
Greece,1973,18442.36113,22337302549,0,2,2,,1.333333333
Norway,1973,74194.94578,22534123432,2,2,2,,2
Libya,1987,6257.537291,22642653915,3,3,1,,2.333333333
Ghana,2005,595.7314138,22764833502,0,0,3,,1
Iraq,1987,1021.683696,22775677196,0,0,2,,0.666666667
Bangladesh,1987,349.2457261,22974397200,0,0,3,,1
Iraq,1989,909.9955968,23011489938,0,0,2,,0.666666667
Syrian Arab Republic,2014,561.5681179,23114403426,1,3,1,,1.666666667
Iraq,2003,1084.965604,23143469235,0,0,3,,1
Denmark,1972,54823.45711,23232439760,0,0,3,,1
Pakistan,1978,972.5973129,23338322130,0,3,3,,2
New Zealand,1980,31152.95448,23364631647,2,2,2,,2
Sri Lanka,2004,429.7526412,23646374864,0,0,3,,1
Iraq,2000,1462.696863,23656880816,0,0,3,,1
Iraq,1990,537.7350096,23876932100,3,3,1,,2.333333333
New Zealand,1984,25106.55974,23947947636,2,1,2,,1.666666667
Bolivia,2011,528.460747,23963162972,0,2,2,,1.333333333
United Arab Emirates,1978,33893.31689,24086428985,0,0,3,,1
New Zealand,1985,20862.49232,24107770570,2,1,2,,1.666666667
Switzerland,1970,82708.51439,24274352535,3,3,1,,2.333333333
Iraq,1988,1006.779242,24298791268,0,0,2,,0.666666667
Libya,1986,3961.724438,24319923827,0,2,2,,1.333333333
Iraq,2002,1170.243324,24390082339,3,3,1,,2.333333333
Iceland,2017,3188.604936,24493035576,2,1,4,,2.333333333
Syrian Arab Republic,2004,1876.845387,24545808577,0,2,2,,1.333333333
Iraq,2001,1400.970605,24733102824,3,3,1,,2.333333333
Bangladesh,1988,356.1832244,24814782417,0,0,3,,1
Lebanon,2007,2006.873356,24873499171,3,3,1,,2.333333333
New Zealand,1983,27741.47936,24888872079,2,2,2,,2
New Zealand,1982,26663.88763,25083138976,2,2,2,,2
Libya,2017,2190.396275,25120262050,3,3,1,,2.333333333
New Zealand,1981,32439.66335,25180539488,2,2,2,,2
United Arab Emirates,1977,39194.67965,25197030753,0,0,3,,1
Greece,1974,22149.22373,25339221678,0,2,2,,1.333333333
Libya,1988,7180.158489,25559956214,3,3,1,,2.333333333
Pakistan,1979,920.3080544,25797571983,0,3,3,,2
Iceland,2018,2538.336833,25882218777,3,3,1,,2.333333333
Libya,2003,7715.210932,26235922005,2,1,4,,2.333333333
Singapore,1988,23787.30195,26515373244,3,3,1,,2.333333333
Belgium,1970,47292.96711,26706893654,0,2,2,,1.333333333
Bangladesh,1989,357.5224876,26954551854,0,0,3,,1
Ghana,2006,619.0562334,27016173359,0,0,3,,1
Syrian Arab Republic,2013,704.7126285,27016195586,2,2,2,,2
Libya,1989,6376.088565,27057741203,3,3,1,,2.333333333
"Iran, Islamic Rep.",1973,5012.421483,27079771797,0,0,3,,1
Bolivia,2012,537.5279825,27084497483,0,2,2,,1.333333333
Norway,1974,96924.22507,27145652980,2,2,2,,2
Colombia,1977,7324.439706,27259295874,0,0,2,,0.666666667
Sri Lanka,2005,381.2381227,27931971938,0,0,3,,1
Bangladesh,1990,347.8606225,28136571390,0,0,3,,1
Libya,1995,6935.010742,28292444617,3,3,1,,2.333333333
Libya,1979,11222.42149,28332395338,0,2,2,,1.333333333
Syrian Arab Republic,2005,1890.819338,28396996497,2,2,2,,2
Greece,1975,22332.48093,28537665056,0,2,2,,1.333333333
Libya,1984,5830.446721,28934855394,3,3,1,,2.333333333
Switzerland,1971,80412.28037,29170474330,3,3,1,,2.333333333
Lebanon,2008,2103.971343,29227529022,3,3,1,,2.333333333
Belgium,1971,44155.96783,29821889465,2,2,2,,2
Libya,1985,4667.859197,29887037520,3,3,1,,2.333333333
Libya,1998,7007.14982,29896770649,3,3,1,,2.333333333
Bangladesh,1991,342.6195033,30066722399,0,0,3,,1
New Zealand,1986,15775.20408,30291755402,2,1,2,,1.666666667
Bolivia,2013,479.6240026,30659338880,0,2,2,,1.333333333
Bangladesh,1992,338.257592,30690544964,0,0,3,,1
Denmark,1973,53206.05833,30730638901,0,0,3,,1
Libya,1994,6338.47996,30772527897,3,3,1,,2.333333333
Pakistan,1980,880.2118723,30994277554,0,3,3,,2
Libya,1990,5752.941369,31088348328,3,3,1,,2.333333333
Greece,1976,22787.10864,31162068092,2,2,2,,2
Libya,1996,7836.728884,31284185648,3,3,1,,2.333333333
Singapore,1989,21818.18964,31392969307,3,3,1,,2.333333333
United Arab Emirates,1979,32442.67885,31633624906,0,0,3,,1
Bangladesh,1993,328.7839955,31685289282,0,0,3,,1
Libya,1983,7838.335308,31794290634,0,2,2,,1.333333333
Sri Lanka,2006,357.7123529,32365078169,0,0,3,,1
Colombia,1978,6326.549349,32553625604,0,0,2,,0.666666667
Ghana,2007,644.5266898,32770285942,0,0,3,,1
Libya,1982,9355.857102,32845049122,3,3,1,,2.333333333
Norway,1975,102916.8546,32877543120,2,2,2,,2
Libya,1993,5717.033635,32976898433,3,3,1,,2.333333333
Bolivia,2014,439.247105,32996188013,0,2,2,,1.333333333
Bolivia,2015,271.4941976,33000198248,0,2,2,,1.333333333
Syrian Arab Republic,2006,1839.158627,33108815445,2,2,2,,2
Libya,1997,7572.063644,33193980353,3,3,1,,2.333333333
Libya,2004,7722.726547,33292748664,0,0,3,,1
Libya,1981,10488.75158,33436648169,0,2,2,,1.333333333
Libya,1999,6250.432543,33639771436,1,2,2,,1.666666667
Bangladesh,1994,298.6999781,33674743447,0,0,3,,1
Libya,2014,5527.1508,33817926825,3,3,1,,2.333333333
Bolivia,2016,273.0819505,33941099855,0,2,2,,1.333333333
Libya,2001,5509.530179,34061327343,1,2,2,,1.666666667
Denmark,1974,62320.16569,34160363588,0,0,3,,1
Libya,2018,1864.929005,34376772204,3,3,1,,2.333333333
Ghana,2009,585.0087148,34385605708,0,0,2,,0.666666667
United Arab Emirates,1986,31980.00578,34387154899,0,0,2,,0.666666667
Libya,1991,6485.723906,34409289639,3,3,1,,2.333333333
Brazil,1970,8920.70049,35213857570,3,3,1,,2.333333333
Lebanon,2009,1774.227008,35477280265,3,3,1,,2.333333333
Switzerland,1972,80109.28955,35777705318,3,3,1,,2.333333333
Pakistan,1982,831.1019736,35851006582,0,3,3,,2
Norway,1976,101622.6345,35942160909,2,2,2,,2
Greece,1977,26576.39033,36172951519,2,2,2,,2
Pakistan,1983,734.2823553,36399712132,0,3,3,,2
Libya,1992,6211.89901,36447724815,3,3,1,,2.333333333
Iraq,2004,1077.185921,36638237233,0,2,2,,1.333333333
United Arab Emirates,1988,33726.51281,36749676279,0,0,2,,0.666666667
Pakistan,1981,906.5354757,36820056616,0,3,3,,2
United Arab Emirates,1987,31689.56981,36860291625,0,0,2,,0.666666667
Sri Lanka,2007,340.2752878,37023526063,0,0,3,,1
Belgium,1972,41927.00579,37209655821,2,2,2,,2
Bolivia,2017,238.8341753,37508683068,0,2,2,,1.333333333
Ghana,2008,626.2560074,37761130945,0,0,2,,0.666666667
Sweden,1970,55766.81473,37780410972,3,3,1,,2.333333333
Bangladesh,1995,287.132812,37866029743,0,0,3,,1
Libya,1980,15733.70686,38185792234,0,2,2,,1.333333333
Lebanon,2010,1532.545104,38419635158,3,3,1,,2.333333333
New Zealand,1987,13845.95692,38456571590,2,1,2,,1.666666667
Libya,2000,6056.215857,38470506545,1,3,1,,1.666666667
Pakistan,1985,594.3472229,38840362265,0,3,3,,2
Singapore,1990,22199.92232,38899863911,3,3,1,,2.333333333
Colombia,1979,5195.393369,39123464394,0,2,2,,1.333333333
Pakistan,1984,666.084545,39160686647,0,3,3,,2
Brazil,1971,9880.979133,39331867588,3,3,1,,2.333333333
Bangladesh,1996,284.2145975,39795982701,0,0,3,,1
Lebanon,2011,1372.95954,40075688226,3,3,1,,2.333333333
Syrian Arab Republic,2007,1822.778453,40271781586,2,2,2,,2
Bolivia,2018,225.2676425,40287647931,0,2,2,,1.333333333
Denmark,1975,60939.26027,40474752668,0,0,3,,1
Pakistan,1986,537.3006833,40497845025,0,3,3,,2
Libya,2011,7261.733265,40587263612,3,3,1,,2.333333333
United Arab Emirates,1985,33936.86874,41134253523,0,0,2,,0.666666667
Bangladesh,1997,284.7251038,41169352757,0,0,3,,1
Sweden,1971,54573.53983,41226083940,2,2,2,,2
Norway,1977,100697.2935,41508030439,2,2,2,,2
United Arab Emirates,1989,28842.87953,42006844975,0,0,2,,0.666666667
New Zealand,1992,18694.1035,42061097062,2,1,2,,1.666666667
United Arab Emirates,1984,36808.03236,42354292119,0,0,2,,0.666666667
Ghana,2010,565.3694639,42587418803,3,3,1,,2.333333333
Bangladesh,1998,272.7153044,42676520395,0,0,3,,1
Pakistan,1987,501.9153795,43113077983,0,3,3,,2
United Arab Emirates,1983,39879.84642,43362742846,0,0,3,,1
New Zealand,1991,18468.93764,43833503908,2,1,2,,1.666666667
United Arab Emirates,1980,45080.46215,44168902930,0,0,3,,1
Lebanon,2012,734.9899532,44230727759,3,3,1,,2.333333333
Greece,1978,27495.55083,44255063066,2,2,2,,2
Denmark,1976,58305.92686,44575663466,0,0,3,,1
New Zealand,1989,15694.00447,44634198122,2,1,2,,1.666666667
Bangladesh,1999,267.6837858,44758115448,0,0,3,,1
Bangladesh,2001,240.1392068,45432923187,0,0,2,,0.666666667
New Zealand,1990,15111.17,45440191226,2,1,2,,1.666666667
Libya,2005,8795.857855,45451480854,0,2,2,,1.333333333
Bangladesh,2000,252.7314888,45469586064,0,0,3,,1
Singapore,1991,26695.05979,45473126682,3,3,1,,2.333333333
New Zealand,1993,17184.36352,45641389596,2,1,4,,2.333333333
"Iran, Islamic Rep.",1974,5731.259579,46195583157,0,0,3,,1
New Zealand,1988,14108.16115,46270939099,2,1,2,,1.666666667
Norway,1978,87754.34803,46523534751,2,2,2,,2
Sri Lanka,2008,325.2635172,46595310335,0,0,3,,1
Colombia,1980,5461.780701,46757851564,0,0,2,,0.666666667
Syrian Arab Republic,2012,819.5944274,46838060828,2,2,2,,2
Lebanon,2013,1690.629267,46866579707,3,3,1,,2.333333333
Bangladesh,2002,216.9795903,47194755390,0,0,2,,0.666666667
United Arab Emirates,1982,42455.03726,47231997234,0,0,3,,1
Belgium,1973,40941.89722,47743692897,2,2,2,,2
Greece,1985,17997.89692,47816312488,2,2,2,,2
Greece,1984,21409.15754,48021522975,2,2,2,,2
Switzerland,1973,81939.3429,48114436814,0,0,3,,1
Sri Lanka,2009,274.6836749,48143074176,0,0,3,,1
Lebanon,2014,1841.77595,48296099623,3,3,1,,2.333333333
Sweden,1972,52434.32322,48553080554,2,2,2,,2
Colombia,1985,2259.838768,48856114898,0,0,2,,0.666666667
Colombia,1986,2373.975003,48922427701,0,2,2,,1.333333333
Pakistan,1989,561.0803849,49100245566,0,3,3,,2
Pakistan,1988,540.0028401,49155354318,0,3,3,,2
Ghana,2015,440.887696,49181519589,0,2,2,,1.333333333
Greece,1983,22074.07149,49420762154,2,2,2,,2
Denmark,1977,61616.43655,49784350833,0,0,3,,1
Iraq,2005,1064.083375,49954890353,3,3,1,,2.333333333
Lebanon,2015,1465.33116,49973893304,3,3,1,,2.333333333
United Arab Emirates,1981,42355.89416,49978178963,0,0,3,,1
Brazil,1972,8707.113904,50623841100,3,3,1,,2.333333333
Colombia,1987,2416.622625,50923001613,0,2,2,,1.333333333
Colombia,1981,4703.213074,50951179327,0,2,2,,1.333333333
Lebanon,2016,1153.353739,51239050034,3,3,1,,2.333333333
United Arab Emirates,1990,27251.15242,51363957467,0,0,2,,0.666666667
Pakistan,1990,577.6069095,51666173856,0,0,3,,1
Bangladesh,2003,211.1961617,51690437358,0,0,2,,0.666666667
Singapore,1992,26496.97971,52157482248,3,3,1,,2.333333333
"Iran, Islamic Rep.",1975,7053.505877,52164683820,0,0,3,,1
United Arab Emirates,1991,29897.28142,52225758567,0,0,2,,0.666666667
Greece,1981,28639.50873,52344177024,2,2,2,,2
Ghana,2011,496.0679003,52369940336,0,2,2,,1.333333333
Syrian Arab Republic,2008,1472.006105,52557913193,2,2,2,,2
Norway,1979,80008.39019,53132594368,2,2,2,,2
Lebanon,2017,949.7151915,53393799595,3,3,1,,2.333333333
Colombia,1984,2756.322452,53563327136,0,0,2,,0.666666667
New Zealand,1994,14783.31947,53564090984,2,1,4,,2.333333333
Ghana,2014,500.0324926,53601588780,0,2,2,,1.333333333
New Zealand,2001,11615.69218,54109071953,0,0,3,,1
Syrian Arab Republic,2009,1168.304901,54111735242,2,2,2,,2
Colombia,1983,3404.190224,54224601610,0,0,3,,1
New Zealand,2000,13883.53642,54443379765,2,2,2,,2
Greece,1979,30109.6984,54483506116,2,2,2,,2
Colombia,1982,3731.168478,54552768036,0,0,2,,0.666666667
Greece,1982,24434.34648,54604773528,2,2,2,,2
Colombia,1988,2496.387821,54898963713,0,2,2,,1.333333333
United Arab Emirates,1992,29353.672,54948005423,0,0,2,,0.666666667
Ghana,2016,485.5295225,55009730590,0,2,2,,1.333333333
Libya,2006,9437.001357,55076733207,0,2,2,,1.333333333
Colombia,1989,2613.511247,55360090289,0,2,2,,1.333333333
Switzerland,1974,86422.42104,55450129783,0,0,3,,1
Ghana,2012,465.4521365,55512769978,0,2,2,,1.333333333
Bangladesh,2004,208.9428914,55949962466,0,0,2,,0.666666667
Pakistan,1991,590.5382242,55973297636,3,3,1,,2.333333333
Belgium,1974,47648.78968,56034095904,2,2,2,,2
United Arab Emirates,1993,27577.75709,56352199950,0,2,2,,1.333333333
Greece,1986,13757.26601,56379164103,2,2,2,,2
Colombia,1990,3032.719245,56386835115,0,0,3,,1
Lebanon,2018,865.9826452,56409423874,3,3,1,,2.333333333
Sri Lanka,2010,228.8869549,56725754848,2,2,2,,2
Greece,1980,32107.24746,56844654352,2,2,2,,2
New Zealand,1998,13371.95152,57180274401,2,2,2,,2
Bangladesh,2005,182.9588392,57628097481,0,0,2,,0.666666667
Colombia,1991,3339.612864,57739762064,0,2,2,,1.333333333
Sweden,1973,51577.39076,58919228361,2,2,2,,2
Ghana,2017,571.5017416,58994855221,0,2,2,,1.333333333
Denmark,1984,46527.10991,59105255834,2,1,2,,1.666666667
New Zealand,1999,13280.20505,59921764996,2,2,2,,2
United Arab Emirates,1994,26185.72347,60080131151,0,2,2,,1.333333333
Denmark,1978,57966.58742,60362581329,2,1,2,,1.666666667
Denmark,1982,51960.15484,60412544146,2,1,2,,1.666666667
Syrian Arab Republic,2010,1005.658515,60465112082,2,2,2,,2
Denmark,1983,48779.30714,60644888511,2,1,2,,1.666666667
Singapore,1993,24926.92366,60644916395,3,3,1,,2.333333333
Norway,1983,66679.62277,61627522383,2,1,2,,1.666666667
Colombia,1992,3094.564389,61800136375,0,0,2,,0.666666667
Denmark,1981,58396.33173,61878044566,2,1,2,,1.666666667
Norway,1984,57524.5786,62058271863,2,1,2,,1.666666667
Pakistan,1993,624.2370736,62134067176,3,3,1,,2.333333333
India,1970,2054.757251,62422483000,3,3,1,,2.333333333
New Zealand,2002,9206.369807,62520383454,2,2,2,,2
Norway,1982,73952.49679,62646871992,2,1,2,,1.666666667
Denmark,1985,40486.01735,62658593689,2,1,2,,1.666666667
Libya,2007,9987.704742,62668056574,3,3,1,,2.333333333
Pakistan,1992,604.6344065,62958367556,3,3,1,,2.333333333
New Zealand,1995,12804.559,63151436140,2,1,4,,2.333333333
Ghana,2013,467.0814447,63278836051,0,2,2,,1.333333333
Switzerland,1975,84907.45247,63570469595,0,0,3,,1
Norway,1981,84955.54737,63596562434,2,1,2,,1.666666667
Norway,1980,96887.05914,64439056748,2,1,2,,1.666666667
Iraq,2006,1146.148312,64805393085,3,3,1,,2.333333333
Sri Lanka,2011,340.0958415,65292745704,2,2,2,,2
Norway,1985,50077.16847,65416626281,2,1,2,,1.666666667
Sweden,1974,59868.08728,65472442955,2,2,2,,2
Ghana,2018,537.7730534,65534787301,0,2,2,,1.333333333
Greece,1987,12231.41234,65645261368,2,2,2,,2
Belgium,1975,46767.2847,65676349621,2,2,2,,2
Libya,2013,5160.076615,65825571415,3,3,1,,2.333333333
Switzerland,1976,83421.90473,66492205214,0,0,3,,1
United Arab Emirates,1995,25931.24506,66602765376,0,2,2,,1.333333333
India,1971,1960.959579,66898484438,0,0,3,,1
Pakistan,1994,555.9829089,66919638536,3,3,1,,2.333333333
Syrian Arab Republic,2011,867.3030721,67293034963,2,2,2,,2
"Iran, Islamic Rep.",1976,7982.634087,68338555941,0,0,3,,1
Sri Lanka,2012,306.1920291,68434431855,2,2,2,,2
Libya,2009,9149.136182,68838153863,3,3,1,,2.333333333
New Zealand,1997,12719.48392,69302139781,2,2,2,,2
New Zealand,1996,12006.54407,69492506947,2,1,4,,2.333333333
Bangladesh,2006,183.9945141,69971619881,0,0,2,,0.666666667
Denmark,1979,58128.99736,70366837488,2,1,2,,1.666666667
Switzerland,1977,88476.07771,71016880809,0,0,3,,1
Belgium,1976,44760.05739,71114099863,2,2,2,,2
Denmark,1980,64273.61534,71127066918,2,1,2,,1.666666667
Colombia,1993,2999.605262,71530116423,0,0,2,,0.666666667
Brazil,1973,8813.989375,71672675416,3,3,1,,2.333333333
India,1972,1726.087847,72744178924,0,0,3,,1
Pakistan,2001,438.650321,73268805041,0,3,3,,2
"Iran, Islamic Rep.",1986,2230.074527,73591672222,0,0,3,,1
Singapore,1994,21598.96777,73775659012,3,3,1,,2.333333333
Sri Lanka,2013,327.8643639,74317788943,2,2,2,,2
United Arab Emirates,1996,26766.15827,74532671762,0,2,2,,1.333333333
"Iran, Islamic Rep.",1985,2277.586137,76256875908,0,0,3,,1
Greece,1988,11885.75824,76257905094,2,2,2,,2
United Arab Emirates,1998,28091.80624,76663323509,0,2,2,,1.333333333
Pakistan,2000,484.8165183,76865936391,0,3,3,,2
Pakistan,1996,552.6972629,76999762382,3,3,1,,2.333333333
Pakistan,1995,530.6672332,77266091761,3,3,1,,2.333333333
Pakistan,1997,505.271536,77394422577,3,3,1,,2.333333333
Pakistan,1999,469.8009001,77779555708,3,3,1,,2.333333333
Pakistan,1998,479.955148,77886383085,3,3,1,,2.333333333
"Iran, Islamic Rep.",1978,6657.834688,77971515513,0,0,3,,1
Norway,1986,43010.09407,78692809868,2,1,2,,1.666666667
Greece,1989,13525.17819,79161666985,2,2,2,,2
Sri Lanka,2014,322.8399706,79356458315,0,0,3,,1
Bangladesh,2007,207.5128269,79825872642,0,0,2,,0.666666667
United Arab Emirates,1997,26960.05869,79866461487,0,2,2,,1.333333333
Pakistan,2002,425.3288269,80353156003,0,3,3,,2
"Iran, Islamic Rep.",1977,8072.632493,80533580566,0,0,3,,1
Sri Lanka,2015,264.2894791,80604076558,0,0,3,,1
Libya,2010,6893.786567,80942419624,3,3,1,,2.333333333
Sweden,1975,60785.69531,82206946953,2,2,2,,2
Sri Lanka,2016,247.5419272,82401055069,2,2,2,,2
Belgium,1977,47453.46784,82838174625,2,2,2,,2
Belgium,1984,35166.87994,83348024082,2,1,2,,1.666666667
New Zealand,2003,7376.38609,83910383617,2,2,2,,2
United Arab Emirates,1999,24342.18432,85548961330,0,2,2,,1.333333333
Singapore,1998,12910.82074,85707550881,3,3,1,,2.333333333
Belgium,1985,30460.55304,86265792874,2,1,2,,1.666666667
Singapore,1999,10687.78328,86285332762,3,3,1,,2.333333333
India,1973,1638.556402,86851358251,0,0,3,,1
Belgium,1983,36556.89073,87182800568,2,1,2,,1.666666667
"Iran, Islamic Rep.",1987,1828.785561,87632619626,0,0,3,,1
Singapore,1995,18344.96581,87891560102,3,3,1,,2.333333333
Sri Lanka,2017,226.0239228,88019695921,2,2,2,,2
Denmark,1986,33247.99108,88078820170,2,1,2,,1.666666667
Sweden,1976,57732.14207,88630532996,2,2,2,,2
Iraq,2007,1121.390199,88840049181,0,0,2,,0.666666667
Sri Lanka,2018,225.4676192,88941886340,2,2,2,,2
Singapore,2001,7670.045714,89285087395,3,3,1,,2.333333333
"Iran, Islamic Rep.",1979,5709.947975,90365451874,3,3,1,,2.333333333
Pakistan,2003,421.300858,90990621089,0,3,3,,2
"Iran, Islamic Rep.",1989,1821.688791,91047067934,0,0,3,,1
Bangladesh,2008,210.062038,91646940102,0,0,2,,0.666666667
Brazil,1974,12112.83525,91887958745,3,3,1,,2.333333333
Singapore,2002,6792.094056,91941791944,3,3,1,,2.333333333
Belgium,1982,38410.29642,92092676202,2,1,2,,1.666666667
"Iran, Islamic Rep.",1988,1700.839563,92368652811,0,0,3,,1
China,1970,9531.869133,92602617774,3,3,1,,2.333333333
Sweden,1977,60500.8501,93694460942,2,1,2,,1.666666667
Colombia,2003,1631.190512,93746855407,3,3,1,,2.333333333
Norway,1987,38462.86281,94230754959,2,1,2,,1.666666667
Colombia,1994,2640.118635,94407946821,0,0,3,,1
Libya,2008,11860.90868,95326564977,3,3,1,,2.333333333
"Iran, Islamic Rep.",1980,5717.314531,95617448298,3,3,1,,2.333333333
Singapore,2000,9228.256214,95835970989,3,3,1,,2.333333333
"Iran, Islamic Rep.",1990,1767.540981,96363628707,0,0,2,,0.666666667
Singapore,1996,16301.03688,96400967111,3,3,1,,2.333333333
Singapore,2003,6858.185137,97002305536,3,3,1,,2.333333333
Colombia,2002,1600.211396,97037082866,2,2,2,,2
Colombia,2001,1632.38748,97283480643,0,0,3,,1
Greece,1990,13165.74537,97892933302,2,2,2,,2
India,1974,1576.827781,97977985187,0,0,3,,1
Colombia,2000,1725.160518,98931769472,2,2,2,,2
Switzerland,1978,74760.82407,99316845723,2,2,2,,2
China,1971,8545.662158,99800575343,3,3,1,,2.333333333
Singapore,1997,14663.32511,1.00E+11,3,3,1,,2.333333333
Libya,2012,6432.136149,1.01E+11,3,3,1,,2.333333333
Belgium,1978,43967.73975,1.01E+11,2,2,2,,2
Bangladesh,2009,190.3573741,1.02E+11,0,0,2,,0.666666667
India,1976,1470.14242,1.02E+11,0,0,3,,1
India,1975,1496.713497,1.02E+11,0,0,3,,1
Colombia,1999,1705.617869,1.02E+11,2,2,2,,2
New Zealand,2004,7384.422386,1.02E+11,2,2,2,,2
Norway,1988,38060.0917,1.02E+11,2,1,2,,1.666666667
"Iran, Islamic Rep.",1981,4904.666305,1.03E+11,3,3,1,,2.333333333
Norway,1989,36272.88993,1.03E+11,2,1,2,,1.666666667
Pakistan,2004,438.9537034,1.04E+11,0,0,3,,1
Sweden,1983,43120.84417,1.04E+11,0,2,2,,1.333333333
Sweden,1978,52749.70801,1.04E+11,2,1,2,,1.666666667
"Iran, Islamic Rep.",1991,1851.721944,1.05E+11,0,0,2,,0.666666667
Greece,1991,13125.47464,1.05E+11,0,2,2,,1.333333333
United Arab Emirates,2001,24036.14367,1.05E+11,0,2,2,,1.333333333
Belgium,1981,43963.2577,1.05E+11,2,1,2,,1.666666667
United Arab Emirates,2000,22586.46931,1.06E+11,0,2,2,,1.333333333
Switzerland,1984,53820.20264,1.06E+11,2,2,2,,2
Brazil,1975,12300.38622,1.08E+11,3,3,1,,2.333333333
Sweden,1984,42558.10185,1.08E+11,0,2,2,,1.333333333
Switzerland,1985,48556.72454,1.08E+11,2,1,2,,1.666666667
Colombia,1995,2038.401752,1.09E+11,0,2,2,,1.333333333
Greece,1993,12738.92521,1.09E+11,2,1,2,,1.666666667
Denmark,1987,30755.72284,1.09E+11,2,1,2,,1.666666667
Switzerland,1981,63676.24261,1.09E+11,2,2,2,,2
"Iran, Islamic Rep.",1992,2015.293177,1.10E+11,0,0,2,,0.666666667
United Arab Emirates,2002,23774.63384,1.11E+11,0,2,2,,1.333333333
Switzerland,1983,55327.89939,1.11E+11,2,2,2,,2
"Iran, Islamic Rep.",2000,1740.266181,1.12E+11,2,2,2,,2
New Zealand,2006,7866.655849,1.12E+11,2,2,2,,2
Denmark,1989,33440.76697,1.12E+11,2,1,2,,1.666666667
Switzerland,1982,57778.05393,1.12E+11,2,2,2,,2
Switzerland,1979,70196.1253,1.12E+11,2,2,2,,2
"Iran, Islamic Rep.",1998,1709.599009,1.13E+11,0,0,3,,1
Sweden,1985,37119.06954,1.13E+11,2,1,2,,1.666666667
Sweden,1982,46197.59724,1.13E+11,0,2,2,,1.333333333
"Iran, Islamic Rep.",1994,1887.664616,1.14E+11,0,0,2,,0.666666667
"Iran, Islamic Rep.",1995,1996.51835,1.14E+11,0,2,2,,1.333333333
Singapore,2004,7392.74937,1.14E+11,3,3,1,,2.333333333
China,1972,7876.657788,1.14E+11,3,3,1,,2.333333333
Bangladesh,2010,168.998698,1.15E+11,0,0,2,,0.666666667
Colombia,1996,1795.337715,1.15E+11,2,2,2,,2
New Zealand,2005,7739.729336,1.15E+11,2,2,2,,2
Colombia,1998,1703.397247,1.16E+11,2,2,2,,2
Colombia,2004,1826.152961,1.16E+11,2,2,2,,2
Greece,1992,13465.30968,1.16E+11,2,1,2,,1.666666667
Denmark,1988,30734.30838,1.16E+11,2,1,2,,1.666666667
Belgium,1979,44320.40467,1.16E+11,2,1,2,,1.666666667
"Iran, Islamic Rep.",1997,1822.34802,1.17E+11,0,2,2,,1.333333333
Greece,1994,10954.22597,1.17E+11,2,1,2,,1.666666667
Pakistan,2005,421.8498894,1.18E+11,0,0,3,,1
"Iran, Islamic Rep.",1999,1660.77602,1.18E+11,2,2,2,,2
India,1977,1497.189524,1.19E+11,0,0,3,,1
"Iran, Islamic Rep.",1993,1861.319728,1.19E+11,0,0,2,,0.666666667
Switzerland,1980,72724.86203,1.19E+11,2,2,2,,2
Belgium,1986,24811.61325,1.20E+11,2,1,2,,1.666666667
Norway,1990,34663.04681,1.20E+11,2,1,2,,1.666666667
New Zealand,2009,6697.098056,1.21E+11,2,2,2,,2
Norway,1993,34813.56224,1.21E+11,2,1,4,,2.333333333
"Iran, Islamic Rep.",2001,1711.78249,1.22E+11,2,2,2,,2
Norway,1991,36503.85721,1.22E+11,2,1,2,,1.666666667
Sweden,1979,46720.60961,1.22E+11,2,1,2,,1.666666667
Bangladesh,2011,135.4349995,1.24E+11,0,2,2,,1.333333333
Iraq,2008,1284.739954,1.24E+11,3,3,1,,2.333333333
Colombia,1997,1710.385262,1.26E+11,3,3,1,,2.333333333
"Iran, Islamic Rep.",1996,1866.184763,1.26E+11,0,0,3,,1
United Arab Emirates,2003,30109.30864,1.26E+11,0,2,2,,1.333333333
"Iran, Islamic Rep.",1982,3774.35783,1.27E+11,0,0,3,,1
Singapore,2005,6975.048997,1.27E+11,3,3,1,,2.333333333
Norway,1994,29282.13265,1.27E+11,2,1,4,,2.333333333
Belgium,1980,47801.66787,1.27E+11,2,1,2,,1.666666667
Brazil,1976,12370.22282,1.28E+11,3,3,1,,2.333333333
Bangladesh,2012,131.8493835,1.29E+11,0,2,2,,1.333333333
Iraq,2009,1208.390285,1.29E+11,3,3,1,,2.333333333
Sweden,1981,53255.29625,1.29E+11,0,2,2,,1.333333333
Norway,1992,37221.06048,1.31E+11,2,1,4,,2.333333333
United Kingdom,1970,42526.43904,1.31E+11,3,3,1,,2.333333333
Greece,2000,7549.277076,1.32E+11,2,1,4,,2.333333333
New Zealand,2008,7425.313216,1.33E+11,2,2,2,,2
Pakistan,2006,429.7053447,1.36E+11,0,0,3,,1
Greece,2001,6527.127654,1.36E+11,2,1,4,,2.333333333
New Zealand,2007,7956.369031,1.37E+11,2,2,2,,2
Greece,1995,10329.80604,1.37E+11,2,1,2,,1.666666667
India,1978,1352.706184,1.38E+11,0,0,3,,1
Denmark,1990,33392.19641,1.38E+11,2,1,2,,1.666666667
Iraq,2010,928.2401792,1.39E+11,3,3,1,,2.333333333
China,1973,7829.959886,1.39E+11,3,3,1,,2.333333333
Denmark,1991,32881.42548,1.39E+11,2,1,2,,1.666666667
Sweden,1980,55802.27866,1.41E+11,2,1,2,,1.666666667
Greece,1997,10193.17297,1.43E+11,2,1,2,,1.666666667
Denmark,1993,35356.11074,1.43E+11,2,1,4,,2.333333333
China,1974,7458.960054,1.44E+11,0,0,3,,1
Greece,1998,9572.952267,1.44E+11,2,1,2,,1.666666667
Colombia,2005,1888.425256,1.45E+11,2,1,2,,1.666666667
Greece,1996,11153.23766,1.46E+11,2,1,2,,1.666666667
New Zealand,2010,5901.956499,1.47E+11,2,2,2,,2
Singapore,2006,6304.069677,1.48E+11,3,3,1,,2.333333333
United Kingdom,1971,39957.00031,1.48E+11,2,2,2,,2
Greece,1999,7794.783984,1.49E+11,2,1,2,,1.666666667
Brazil,1977,13245.38771,1.49E+11,3,3,1,,2.333333333
Belgium,1987,22922.64225,1.49E+11,2,1,2,,1.666666667
Sweden,1986,29743.80522,1.49E+11,0,0,3,,1
"Iran, Islamic Rep.",2002,1493.936079,1.50E+11,2,2,2,,2
United Arab Emirates,2004,32732.02577,1.50E+11,0,2,2,,1.333333333
Pakistan,2008,397.085881,1.51E+11,0,0,3,,1
Pakistan,2007,456.3689532,1.52E+11,0,0,3,,1
India,1979,1080.070556,1.52E+11,0,0,3,,1
Norway,1995,27932.47595,1.52E+11,2,1,4,,2.333333333
Denmark,1992,35706.62533,1.53E+11,2,1,2,,1.666666667
Bangladesh,2013,120.9530818,1.54E+11,0,2,2,,1.333333333
Greece,2002,5629.405312,1.54E+11,2,1,4,,2.333333333
China,1976,6163.955279,1.54E+11,0,2,2,,1.333333333
Norway,1998,28204.10826,1.54E+11,2,1,4,,2.333333333
Switzerland,1986,41745.09999,1.54E+11,2,1,2,,1.666666667
"Iran, Islamic Rep.",2003,1610.5894,1.55E+11,2,2,2,,2
Denmark,1994,29966.12737,1.56E+11,2,1,4,,2.333333333
"Iran, Islamic Rep.",1983,3246.05109,1.58E+11,0,0,3,,1
Colombia,2006,1941.253982,1.61E+11,2,1,2,,1.666666667
Norway,1997,28544.91002,1.61E+11,2,1,4,,2.333333333
Pakistan,2009,341.4132589,1.62E+11,0,0,3,,1
Belgium,1988,22972.53389,1.62E+11,2,1,2,,1.666666667
Norway,1999,24285.57187,1.62E+11,2,1,4,,2.333333333
China,1975,6875.914018,1.63E+11,0,0,3,,1
Denmark,2000,22558.07717,1.64E+11,2,1,4,,2.333333333
Belgium,1989,25172.79419,1.64E+11,2,1,2,,1.666666667
Norway,1996,30479.31155,1.64E+11,2,1,4,,2.333333333
Denmark,2001,21381.31013,1.65E+11,2,1,4,,2.333333333
"Iran, Islamic Rep.",1984,2756.198524,1.66E+11,0,0,3,,1
Iraq,2016,350.0954386,1.67E+11,3,3,1,,2.333333333
Iraq,2015,425.0879635,1.67E+11,3,3,1,,2.333333333
New Zealand,2011,4869.987648,1.68E+11,2,2,2,,2
Brazil,1978,11286.07166,1.69E+11,3,3,1,,2.333333333
Brazil,1983,4790.456694,1.70E+11,3,3,1,,2.333333333
United Kingdom,1972,40639.01604,1.70E+11,2,2,2,,2
Norway,2000,24227.61417,1.71E+11,2,1,4,,2.333333333
Bangladesh,2014,117.6410528,1.73E+11,0,2,2,,1.333333333
Norway,2001,22505.72609,1.74E+11,2,1,4,,2.333333333
Denmark,1997,27008.36546,1.74E+11,3,3,1,,2.333333333
Pakistan,2010,318.8414808,1.75E+11,0,0,3,,1
Brazil,1984,3637.313851,1.75E+11,3,3,1,,2.333333333
China,1977,5486.05781,1.75E+11,0,0,2,,0.666666667
New Zealand,2012,4472.804582,1.76E+11,2,2,2,,2
New Zealand,2015,4249.914013,1.77E+11,2,1,4,,2.333333333
Denmark,1998,26890.70209,1.77E+11,2,1,4,,2.333333333
Denmark,1999,21910.66493,1.78E+11,2,1,4,,2.333333333
Denmark,2002,17220.86548,1.79E+11,2,1,4,,2.333333333
Singapore,2007,5837.452501,1.80E+11,3,3,1,,2.333333333
Sweden,1987,27087.4058,1.82E+11,2,1,2,,1.666666667
United Arab Emirates,2005,35298.48603,1.83E+11,0,2,2,,1.333333333
Denmark,1995,27586.5652,1.85E+11,2,1,4,,2.333333333
Iraq,2011,756.9539828,1.86E+11,3,3,1,,2.333333333
Brazil,1979,8597.794202,1.86E+11,3,3,1,,2.333333333
India,1980,1055.635911,1.87E+11,0,0,3,,1
Brazil,1985,3074.222896,1.87E+11,3,3,1,,2.333333333
New Zealand,2016,3296.331416,1.88E+11,2,1,4,,2.333333333
Denmark,1996,29567.8903,1.88E+11,2,1,4,,2.333333333
"Iran, Islamic Rep.",2004,3641.80671,1.90E+11,2,2,2,,2
Iraq,2017,360.2939449,1.91E+11,3,3,1,,2.333333333
New Zealand,2013,4484.550147,1.91E+11,2,1,4,,2.333333333
Brazil,1980,8831.183643,1.91E+11,3,3,1,,2.333333333
Singapore,2009,4096.643077,1.92E+11,3,3,1,,2.333333333
Singapore,2008,5008.475681,1.92E+11,3,3,1,,2.333333333
Switzerland,1987,38810.73071,1.93E+11,2,1,2,,1.666666667
United Kingdom,1973,44466.81612,1.93E+11,2,2,2,,2
Bangladesh,2015,100.0909576,1.94E+11,0,2,2,,1.333333333
Greece,2016,1923.463583,1.95E+11,2,1,4,,2.333333333
Norway,2002,18874.24619,1.96E+11,2,1,4,,2.333333333
Greece,2015,2526.754143,1.97E+11,2,2,2,,2
India,1981,1001.28043,2.00E+11,0,0,3,,1
New Zealand,2014,4688.057187,2.01E+11,2,1,4,,2.333333333
Greece,2003,4796.867058,2.02E+11,2,1,4,,2.333333333
Switzerland,1989,40747.72693,2.02E+11,2,1,2,,1.666666667
India,1982,805.7292691,2.04E+11,0,0,3,,1
Greece,2017,1673.185577,2.04E+11,2,1,4,,2.333333333
New Zealand,2017,2764.958904,2.05E+11,2,1,4,,2.333333333
Belgium,1990,25253.01354,2.05E+11,2,1,2,,1.666666667
Sweden,1988,29424.31712,2.05E+11,2,1,2,,1.666666667
Colombia,2007,1852.99811,2.06E+11,2,1,2,,1.666666667
United Kingdom,1974,46830.6412,2.06E+11,2,2,2,,2
New Zealand,2018,2305.171604,2.08E+11,3,3,1,,2.333333333
Switzerland,1988,38081.99261,2.09E+11,2,1,2,,1.666666667
Belgium,1991,24717.32827,2.11E+11,2,1,4,,2.333333333
Sweden,1993,30034.09906,2.11E+11,2,1,4,,2.333333333
Pakistan,2011,279.3136763,2.12E+11,0,0,3,,1
Iraq,2018,331.5803251,2.12E+11,3,3,1,,2.333333333
Japan,1970,39082.05513,2.13E+11,3,3,1,,2.333333333
Pakistan,2012,250.660663,2.15E+11,0,0,3,,1
Sweden,1989,30687.35657,2.16E+11,2,1,2,,1.666666667
Germany,1970,47513.7021,2.16E+11,3,3,1,,2.333333333
Iraq,2012,722.5812829,2.18E+11,3,3,1,,2.333333333
Greece,2018,1515.971942,2.18E+11,3,3,1,,2.333333333
Denmark,2003,12251.78266,2.18E+11,1,5,0,,2
China,1978,4447.066897,2.19E+11,0,0,2,,0.666666667
Bangladesh,2016,93.23153845,2.20E+11,2,2,2,,2
Pakistan,2013,220.2347197,2.20E+11,0,0,3,,1
India,1984,622.4454304,2.22E+11,0,0,3,,1
India,1983,717.6755434,2.23E+11,0,0,3,,1
Brazil,1986,2851.939429,2.25E+11,3,3,1,,2.333333333
Belgium,1993,28276.1338,2.25E+11,2,1,4,,2.333333333
United Arab Emirates,2006,40549.2393,2.25E+11,0,2,2,,1.333333333
"Iran, Islamic Rep.",2005,3618.376456,2.26E+11,2,2,2,,2
Brazil,1981,7348.18804,2.26E+11,3,3,1,,2.333333333
Sweden,1994,25831.66638,2.27E+11,2,1,4,,2.333333333
Iraq,2014,484.6853757,2.28E+11,3,3,1,,2.333333333
Norway,2003,15751.2575,2.29E+11,2,1,4,,2.333333333
India,1985,539.3233904,2.30E+11,0,0,3,,1
Colombia,2009,1486.849592,2.32E+11,2,1,2,,1.666666667
United Kingdom,1976,41919.79232,2.33E+11,2,2,2,,2
Iraq,2013,586.3617952,2.35E+11,3,3,1,,2.333333333
Belgium,1992,27349.93534,2.35E+11,2,1,4,,2.333333333
Singapore,2010,3443.402731,2.36E+11,3,3,1,,2.333333333
Belgium,2000,16297.35263,2.36E+11,2,1,4,,2.333333333
Greece,2014,2840.9607,2.37E+11,2,1,4,,2.333333333
Belgium,2001,15026.35669,2.37E+11,2,1,4,,2.333333333
Brazil,1982,5886.391428,2.39E+11,3,3,1,,2.333333333
Greece,2013,3165.897044,2.40E+11,2,1,4,,2.333333333
Japan,1971,38116.44464,2.40E+11,3,3,1,,2.333333333
Greece,2004,4842.596697,2.41E+11,2,1,4,,2.333333333
Sweden,2001,21554.31199,2.41E+11,2,1,4,,2.333333333
Colombia,2008,1738.177399,2.42E+11,2,1,2,,1.666666667
United Kingdom,1975,42872.43169,2.42E+11,2,2,2,,2
Belgium,1994,24113.47423,2.45E+11,2,1,4,,2.333333333
Bangladesh,2017,85.11651564,2.46E+11,2,2,2,,2
Greece,2012,3414.254497,2.46E+11,2,1,4,,2.333333333
Brazil,1987,3164.555648,2.47E+11,3,3,1,,2.333333333
Greece,2005,5011.872047,2.48E+11,2,1,4,,2.333333333
Pakistan,2014,179.6530133,2.49E+11,0,0,3,,1
Germany,1971,44348.83474,2.50E+11,3,3,1,,2.333333333
Denmark,2004,11552.8901,2.51E+11,2,1,4,,2.333333333
India,1986,469.0081005,2.52E+11,0,0,3,,1
Belgium,1997,20968.06796,2.53E+11,2,1,4,,2.333333333
Belgium,2002,12088.39121,2.57E+11,2,1,4,,2.333333333
United Arab Emirates,2009,33950.80103,2.57E+11,2,2,2,,2
Belgium,1999,16454.73152,2.58E+11,2,1,4,,2.333333333
Switzerland,1990,41603.49867,2.58E+11,2,1,2,,1.666666667
Belgium,1998,20519.53572,2.59E+11,2,1,4,,2.333333333
Sweden,1990,30314.70766,2.60E+11,2,1,2,,1.666666667
Sweden,2000,24252.66602,2.61E+11,2,1,4,,2.333333333
Switzerland,1991,40534.2496,2.61E+11,2,1,2,,1.666666667
United Arab Emirates,2007,45575.16251,2.61E+11,2,2,2,,2
United Kingdom,1977,41537.49366,2.63E+11,2,2,2,,2
China,1979,3748.020176,2.64E+11,0,0,3,,1
Denmark,2005,11845.61403,2.64E+11,2,1,4,,2.333333333
Switzerland,1993,48977.90186,2.64E+11,2,1,2,,1.666666667
Norway,2004,14996.19451,2.65E+11,2,1,4,,2.333333333
Sweden,2002,17801.594,2.65E+11,2,1,4,,2.333333333
Sweden,1995,24147.07207,2.65E+11,2,1,4,,2.333333333
"Iran, Islamic Rep.",2006,3037.824733,2.66E+11,2,1,2,,1.666666667
Sweden,1997,31534.02597,2.66E+11,2,1,4,,2.333333333
Pakistan,2015,140.2315012,2.67E+11,0,0,3,,1
Sweden,1998,30312.95706,2.69E+11,2,1,4,,2.333333333
Bangladesh,2018,96.45859013,2.70E+11,2,2,2,,2
Sweden,1999,25388.70953,2.72E+11,2,1,4,,2.333333333
Sweden,1991,30035.89248,2.72E+11,2,1,2,,1.666666667
Switzerland,2000,31950.38056,2.72E+11,2,1,2,,1.666666667
Switzerland,1992,46900.74879,2.72E+11,2,1,2,,1.666666667
Greece,2006,5573.719162,2.73E+11,2,1,4,,2.333333333
Brazil,1988,3732.243398,2.76E+11,3,3,1,,2.333333333
Singapore,2011,2895.355736,2.77E+11,3,3,1,,2.333333333
Pakistan,2016,134.4348391,2.78E+11,0,0,3,,1
India,1987,456.4267589,2.79E+11,0,0,3,,1
Belgium,1996,23297.23409,2.79E+11,2,1,4,,2.333333333
Switzerland,2001,29715.73656,2.79E+11,2,1,4,,2.333333333
Pakistan,2018,225.9854874,2.82E+11,0,0,3,,1
Sweden,1992,32706.99327,2.82E+11,2,1,2,,1.666666667
Colombia,2016,540.3120521,2.83E+11,2,1,4,,2.333333333
Denmark,2006,11791.61212,2.83E+11,2,1,4,,2.333333333
China,1982,2056.262012,2.84E+11,0,0,3,,1
Colombia,2010,1265.020567,2.86E+11,2,1,2,,1.666666667
India,1993,385.6976944,2.87E+11,0,0,3,,1
Switzerland,1997,38863.2221,2.87E+11,3,3,1,,2.333333333
Greece,2011,3908.485954,2.88E+11,2,1,4,,2.333333333
Belgium,1995,22207.96454,2.88E+11,2,1,4,,2.333333333
China,1981,2637.69939,2.90E+11,0,0,3,,1
United Arab Emirates,2010,28828.48397,2.90E+11,2,2,2,,2
Switzerland,1999,30629.72303,2.90E+11,2,1,2,,1.666666667
Sweden,1996,32462.31051,2.90E+11,2,1,4,,2.333333333
India,1991,425.1623835,2.91E+11,0,0,3,,1
Singapore,2012,2652.66093,2.92E+11,3,3,1,,2.333333333
Colombia,2015,625.1387416,2.93E+11,2,1,4,,2.333333333
Switzerland,1994,42177.97039,2.93E+11,2,1,2,,1.666666667
India,1992,400.7134092,2.94E+11,0,0,3,,1
Switzerland,1998,38791.43453,2.95E+11,2,1,2,,1.666666667
Greece,2010,4713.637786,2.99E+11,2,1,4,,2.333333333
Germany,1972,42178.25937,3.00E+11,3,3,1,,2.333333333
China,1986,1124.836293,3.01E+11,0,0,3,,1
Switzerland,2002,23865.26982,3.01E+11,2,1,4,,2.333333333
Pakistan,2017,233.9646063,3.03E+11,0,0,3,,1
Denmark,2015,6124.998984,3.03E+11,2,1,4,,2.333333333
India,1989,444.860576,3.04E+11,0,0,3,,1
China,1983,1717.765087,3.05E+11,0,0,3,,1
Singapore,2013,2561.922263,3.05E+11,3,3,1,,2.333333333
Singapore,2015,1930.74567,3.06E+11,3,3,1,,2.333333333
China,1980,3394.237722,3.06E+11,0,0,3,,1
India,1988,450.6521425,3.09E+11,0,0,3,,1
Norway,2005,14941.50863,3.09E+11,2,1,4,,2.333333333
China,1985,1262.279134,3.10E+11,0,0,3,,1
Colombia,2017,497.996911,3.12E+11,2,1,4,,2.333333333
Singapore,2014,2362.911131,3.13E+11,3,3,1,,2.333333333
Denmark,2016,4655.290175,3.13E+11,2,1,4,,2.333333333
China,1984,1477.870138,3.14E+11,0,0,3,,1
Singapore,2016,1371.891324,3.17E+11,2,1,4,,2.333333333
Belgium,2003,8699.149331,3.17E+11,2,1,4,,2.333333333
Greece,2007,5385.29149,3.18E+11,2,1,4,,2.333333333
Japan,1972,38560.90471,3.18E+11,3,3,1,,2.333333333
Denmark,2007,12073.06279,3.19E+11,2,1,4,,2.333333333
United Arab Emirates,2008,43323.70085,3.20E+11,2,2,2,,2
Denmark,2009,13746.9946,3.21E+11,2,1,4,,2.333333333
Denmark,2010,11813.35489,3.22E+11,2,1,4,,2.333333333
China,1987,1030.998299,3.27E+11,0,0,3,,1
Denmark,2012,8772.548946,3.27E+11,2,1,4,,2.333333333
India,1994,346.3672402,3.28E+11,0,0,3,,1
India,1990,421.3410078,3.29E+11,0,0,3,,1
Denmark,2017,3846.533628,3.29E+11,2,1,4,,2.333333333
Colombia,2018,470.0400315,3.30E+11,2,1,4,,2.333333333
Greece,2009,5725.615849,3.30E+11,3,3,1,,2.333333333
Switzerland,1996,40013.9238,3.30E+11,2,1,4,,2.333333333
Sweden,2003,13543.13464,3.32E+11,2,1,4,,2.333333333
Colombia,2011,1083.242152,3.34E+11,2,1,4,,2.333333333
United Kingdom,1978,39004.91349,3.36E+11,2,1,2,,1.666666667
Singapore,2017,1075.495003,3.37E+11,2,1,4,,2.333333333
Switzerland,1995,38484.88598,3.43E+11,2,1,4,,2.333333333
Denmark,2013,7994.651238,3.44E+11,2,1,4,,2.333333333
Denmark,2011,9767.296705,3.44E+11,2,1,4,,2.333333333
Norway,2006,15236.40517,3.46E+11,2,1,4,,2.333333333
"Iran, Islamic Rep.",2007,2553.471611,3.50E+11,2,1,2,,1.666666667
United Arab Emirates,2011,34265.63724,3.51E+11,2,2,2,,2
Denmark,2014,6775.942168,3.53E+11,2,1,4,,2.333333333
Denmark,2008,13881.3096,3.53E+11,2,1,4,,2.333333333
Switzerland,2003,16745.59682,3.53E+11,2,1,4,,2.333333333
Greece,2008,5904.709935,3.54E+11,3,3,1,,2.333333333
Denmark,2018,3462.711851,3.56E+11,3,3,1,,2.333333333
United Arab Emirates,2016,6651.912145,3.57E+11,2,2,2,,2
United Arab Emirates,2015,10814.55412,3.58E+11,2,2,2,,2
Singapore,2018,926.2712416,3.61E+11,3,3,1,,2.333333333
Brazil,1992,5161.278889,3.63E+11,3,3,1,,2.333333333
Norway,2016,4412.733806,3.69E+11,2,1,4,,2.333333333
Belgium,2004,8413.577897,3.69E+11,2,1,4,,2.333333333
Colombia,2012,872.4340407,3.71E+11,2,1,4,,2.333333333
India,1995,309.7612898,3.72E+11,0,0,3,,1
Brazil,1989,3447.515982,3.75E+11,3,3,1,,2.333333333
United Arab Emirates,2012,30512.02968,3.75E+11,2,2,2,,2
United Arab Emirates,2017,5270.093879,3.78E+11,2,1,2,,1.666666667
Brazil,1991,5271.918047,3.79E+11,3,3,1,,2.333333333
Colombia,2014,734.8331828,3.81E+11,2,1,4,,2.333333333
Colombia,2013,761.8117488,3.82E+11,2,1,4,,2.333333333
Sweden,2004,12985.79701,3.83E+11,2,1,4,,2.333333333
Norway,2015,5689.282987,3.86E+11,2,1,4,,2.333333333
Belgium,2005,8808.229698,3.86E+11,2,1,4,,2.333333333
Norway,2009,13045.49874,3.86E+11,2,1,4,,2.333333333
Sweden,2005,12499.86242,3.90E+11,2,1,4,,2.333333333
United Arab Emirates,2013,27198.75692,3.90E+11,2,2,2,,2
"Iran, Islamic Rep.",2015,876.2061906,3.93E+11,2,2,2,,2
India,1996,322.9855066,3.94E+11,0,0,3,,1
Switzerland,2004,16617.2302,3.94E+11,2,1,4,,2.333333333
China,1990,809.0211476,3.95E+11,0,0,3,,1
Norway,2017,3734.2123,3.98E+11,2,1,4,,2.333333333
Germany,1973,41088.84158,3.98E+11,3,3,1,,2.333333333
Norway,2007,15515.24307,4.01E+11,2,1,4,,2.333333333
United Arab Emirates,2014,25176.88559,4.03E+11,2,2,2,,2
Brazil,1993,4802.205413,4.07E+11,3,3,1,,2.333333333
Brazil,1990,5028.795819,4.07E+11,3,3,1,,2.333333333
China,1988,938.6156563,4.08E+11,0,0,3,,1
Belgium,2006,9311.861991,4.08E+11,2,1,4,,2.333333333
Switzerland,2005,17510.86743,4.09E+11,2,1,4,,2.333333333
"Iran, Islamic Rep.",2008,2473.915646,4.12E+11,2,1,4,,2.333333333
China,1991,761.9687177,4.13E+11,0,0,3,,1
United Arab Emirates,2018,4550.972069,4.14E+11,2,1,2,,1.666666667
"Iran, Islamic Rep.",2009,2426.756167,4.16E+11,2,1,4,,2.333333333
Sweden,2006,13619.66343,4.20E+11,2,1,4,,2.333333333
"Iran, Islamic Rep.",2016,570.3508107,4.25E+11,2,1,4,,2.333333333
India,1997,326.7240166,4.26E+11,0,0,3,,1
Norway,2010,11461.30508,4.29E+11,2,1,4,,2.333333333
India,1998,376.9011799,4.30E+11,0,3,3,,2
Switzerland,2006,17672.14646,4.31E+11,2,1,4,,2.333333333
Japan,1973,34296.76182,4.32E+11,3,3,1,,2.333333333
Norway,2018,3305.98465,4.34E+11,3,3,1,,2.333333333
Sweden,2009,14744.17228,4.35E+11,2,1,4,,2.333333333
United Kingdom,1979,38371.6466,4.39E+11,2,1,2,,1.666666667
"Iran, Islamic Rep.",2014,1453.309591,4.44E+11,2,1,4,,2.333333333
Germany,1974,47684.49516,4.45E+11,3,3,1,,2.333333333
China,1989,853.6804571,4.56E+11,0,0,3,,1
"Iran, Islamic Rep.",2017,468.9568119,4.61E+11,2,1,4,,2.333333333
United Kingdom,1984,40369.28167,4.61E+11,2,1,2,,1.666666667
India,1999,355.4325828,4.62E+11,0,0,3,,1
Belgium,2015,4911.518028,4.62E+11,2,1,4,,2.333333333
Norway,2008,15770.40093,4.62E+11,2,1,4,,2.333333333
Belgium,2007,10599.45325,4.70E+11,2,1,4,,2.333333333
"Iran, Islamic Rep.",2018,384.9441231,4.73E+11,3,3,1,,2.333333333
India,2000,368.3898665,4.76E+11,0,0,3,,1
Belgium,2016,3838.878264,4.76E+11,2,1,4,,2.333333333
Switzerland,2007,17311.46246,4.80E+11,2,1,4,,2.333333333
Japan,1974,37843.99658,4.80E+11,3,3,1,,2.333333333
Belgium,2010,10293.03083,4.81E+11,2,1,4,,2.333333333
Belgium,2009,11803.58081,4.81E+11,2,1,4,,2.333333333
Sweden,2007,15449.41256,4.88E+11,2,1,4,,2.333333333
United Kingdom,1985,34470.47673,4.89E+11,2,1,2,,1.666666667
United Kingdom,1983,42109.36886,4.90E+11,2,1,2,,1.666666667
India,2001,340.6006774,4.91E+11,0,0,3,,1
"Iran, Islamic Rep.",2010,2168.236098,4.91E+11,2,1,4,,2.333333333
Germany,1975,45984.26306,4.91E+11,3,3,1,,2.333333333
China,1992,690.0958669,4.93E+11,0,0,3,,1
Sweden,2010,12514.51547,4.95E+11,2,1,4,,2.333333333
Belgium,2012,7260.410305,4.96E+11,2,1,4,,2.333333333
Norway,2014,6810.691658,4.98E+11,2,1,4,,2.333333333
Norway,2011,10263.26498,4.98E+11,2,1,4,,2.333333333
Belgium,2017,3086.090197,5.04E+11,2,1,4,,2.333333333
Sweden,2015,7227.935966,5.04E+11,2,1,4,,2.333333333
Norway,2012,8924.241841,5.10E+11,2,1,4,,2.333333333
Brazil,2002,1631.993366,5.12E+11,2,1,2,,1.666666667
India,2002,314.7906704,5.13E+11,0,0,3,,1
Belgium,2008,12851.60917,5.15E+11,2,1,4,,2.333333333
Sweden,2008,16946.10369,5.15E+11,2,1,4,,2.333333333
United Kingdom,1982,44619.46469,5.15E+11,2,1,2,,1.666666667
Sweden,2016,5974.268171,5.16E+11,2,1,4,,2.333333333
Germany,1976,43562.18924,5.20E+11,3,3,1,,2.333333333
Belgium,2013,6721.155565,5.22E+11,2,1,4,,2.333333333
Japan,1975,40180.41072,5.22E+11,3,3,1,,2.333333333
Norway,2013,8202.916375,5.23E+11,2,1,4,,2.333333333
Belgium,2011,8438.498516,5.23E+11,2,1,4,,2.333333333
Belgium,2014,5748.843842,5.35E+11,2,1,4,,2.333333333
"Iran, Islamic Rep.",2013,1593.799181,5.39E+11,2,1,4,,2.333333333
Sweden,2017,5092.284837,5.41E+11,2,1,4,,2.333333333
Switzerland,2009,17757.30426,5.41E+11,2,1,4,,2.333333333
United Kingdom,1981,50460.49915,5.41E+11,2,1,2,,1.666666667
Belgium,2018,2772.673855,5.43E+11,2,1,4,,2.333333333
Sweden,2012,10778.0432,5.51E+11,2,1,4,,2.333333333
Switzerland,2008,18938.72128,5.54E+11,2,1,4,,2.333333333
Sweden,2018,4690.354433,5.56E+11,3,3,1,,2.333333333
Brazil,2003,1385.777475,5.59E+11,2,1,2,,1.666666667
Brazil,2001,1753.895106,5.61E+11,0,0,3,,1
China,1994,458.7912704,5.64E+11,0,0,3,,1
United Kingdom,1980,47032.65029,5.65E+11,2,1,2,,1.666666667
Sweden,2011,11355.9477,5.73E+11,2,1,4,,2.333333333
Brazil,1994,3640.99903,5.80E+11,3,3,1,,2.333333333
Sweden,2014,8009.872678,5.80E+11,2,1,4,,2.333333333
Switzerland,2010,15759.46562,5.84E+11,2,1,4,,2.333333333
Sweden,2013,10028.49058,5.85E+11,2,1,4,,2.333333333
Japan,1976,48302.7615,5.86E+11,3,3,1,,2.333333333
Brazil,1999,2566.044433,5.94E+11,0,2,3,,1.666666667
India,2003,293.287157,5.99E+11,0,2,2,,1.333333333
Germany,1977,46309.80564,6.00E+11,3,3,1,,2.333333333
United Kingdom,1986,30077.91986,6.01E+11,2,1,2,,1.666666667
"Iran, Islamic Rep.",2012,2025.808826,6.03E+11,2,1,4,,2.333333333
"Iran, Islamic Rep.",2011,2313.980876,6.03E+11,2,1,4,,2.333333333
China,1993,591.8871893,6.19E+11,0,0,3,,1
Brazil,2000,1921.934431,6.52E+11,3,3,1,,2.333333333
Switzerland,2012,10494.39363,6.68E+11,2,1,4,,2.333333333
Brazil,2004,1322.343901,6.69E+11,2,1,2,,1.666666667
Switzerland,2016,5723.253403,6.71E+11,2,1,4,,2.333333333
Switzerland,2017,4702.678408,6.80E+11,2,1,4,,2.333333333
Switzerland,2015,7646.274849,6.80E+11,2,1,4,,2.333333333
Switzerland,2013,10031.5952,6.89E+11,2,1,4,,2.333333333
Switzerland,2011,11233.62212,7.00E+11,2,1,4,,2.333333333
India,2004,289.4321295,7.03E+11,1,3,1,,1.666666667
Switzerland,2018,3946.502458,7.05E+11,3,3,1,,2.333333333
Switzerland,2014,8770.96105,7.09E+11,1,5,0,,2
Japan,1977,47918.35946,7.21E+11,3,3,1,,2.333333333
Germany,1984,34408.22275,7.25E+11,3,3,1,,2.333333333
Germany,1985,30583.24298,7.33E+11,3,3,1,,2.333333333
China,1995,507.9645826,7.34E+11,1,0,2,,1
Germany,1978,42020.0427,7.40E+11,3,3,1,,2.333333333
United Kingdom,1987,27744.138,7.45E+11,2,1,4,,2.333333333
Germany,1983,34872.99502,7.71E+11,3,3,1,,2.333333333
Germany,1982,36724.70467,7.77E+11,3,3,1,,2.333333333
Brazil,1995,2594.440491,7.78E+11,3,3,1,,2.333333333
Germany,1981,42090.85715,8.00E+11,3,3,1,,2.333333333
India,2005,297.3865508,8.24E+11,1,4,1,,2
Brazil,1996,2350.885274,8.50E+11,3,3,1,,2.333333333
Brazil,1998,2730.793363,8.54E+11,3,3,1,,2.333333333
China,1996,408.6620964,8.64E+11,1,2,0,,1
Germany,1979,41997.37979,8.81E+11,3,3,1,,2.333333333
Brazil,1997,2496.447743,8.82E+11,3,3,1,,2.333333333
Brazil,2005,1316.289219,8.92E+11,2,1,4,,2.333333333
United Kingdom,1988,28133.84554,9.10E+11,2,1,4,,2.333333333
United Kingdom,1989,28655.23781,9.27E+11,2,1,4,,2.333333333
India,2006,279.1316029,9.39E+11,1,4,1,,2
Germany,1980,46014.08008,9.50E+11,3,3,1,,2.333333333
China,1997,346.5307227,9.62E+11,1,2,0,,1
Japan,1978,44344.12458,1.01E+12,3,3,1,,2.333333333
China,1998,335.2631363,1.03E+12,1,3,1,,1.666666667
Germany,1986,25372.11175,1.05E+12,3,3,1,,2.333333333
United Kingdom,1993,23158.89923,1.06E+12,1,5,0,,2
Japan,1979,40693.67659,1.06E+12,3,3,1,,2.333333333
United States,1970,62917.93946,1.07E+12,3,3,1,,2.333333333
China,1999,393.9086545,1.09E+12,3,3,1,,2.333333333
United Kingdom,1990,28202.16195,1.09E+12,2,1,4,,2.333333333
Brazil,2006,1887.641565,1.11E+12,3,3,1,,2.333333333
Japan,1980,39193.72824,1.11E+12,3,3,1,,2.333333333
Japan,1982,35277.06216,1.13E+12,3,3,1,,2.333333333
United Kingdom,1994,19743.3625,1.14E+12,1,5,0,,2
United Kingdom,1991,26737.40224,1.14E+12,2,1,4,,2.333333333
United States,1971,60044.10739,1.16E+12,3,3,1,,2.333333333
India,2007,278.9321283,1.18E+12,1,5,0,,2
United Kingdom,1992,24356.64014,1.18E+12,2,1,4,,2.333333333
China,2000,358.4744212,1.21E+12,3,3,1,,2.333333333
Japan,1981,35139.86173,1.22E+12,3,3,1,,2.333333333
Japan,1983,37057.22791,1.24E+12,3,3,1,,2.333333333
India,2008,267.590034,1.27E+12,1,5,0,,2
United States,1972,57938.43119,1.28E+12,3,3,1,,2.333333333
Germany,1987,23867.36969,1.30E+12,3,3,1,,2.333333333
India,2009,222.6394728,1.32E+12,1,5,0,,2
Japan,1984,37558.58401,1.32E+12,3,3,1,,2.333333333
China,2001,293.0659189,1.34E+12,1,5,0,,2
United Kingdom,1995,18427.35756,1.34E+12,1,5,0,,2
Brazil,2007,1825.338705,1.40E+12,2,1,4,,2.333333333
Germany,1988,23871.28793,1.40E+12,3,3,1,,2.333333333
Germany,1989,26958.37744,1.40E+12,3,3,1,,2.333333333
Japan,1985,34715.88289,1.40E+12,3,3,1,,2.333333333
United Kingdom,1996,20536.02087,1.42E+12,1,5,0,,2
United States,1973,56796.54695,1.43E+12,3,3,1,,2.333333333
China,2002,274.4405268,1.47E+12,1,3,1,,1.666666667
United States,1974,55000.6916,1.55E+12,3,3,1,,2.333333333
United Kingdom,1997,19946.77284,1.56E+12,1,5,0,,2
United Kingdom,2001,13151.30763,1.64E+12,1,5,0,,2
United Kingdom,1998,19134.07479,1.65E+12,1,5,0,,2
China,2003,288.0639907,1.66E+12,1,4,0,,1.666666667
United Kingdom,2000,16020.53973,1.66E+12,1,5,0,,2
India,2010,206.0287999,1.67E+12,1,5,0,,2
Brazil,2009,1578.705727,1.67E+12,2,1,4,,2.333333333
United Kingdom,1999,16269.19843,1.68E+12,1,5,0,,2
United States,1975,53049.37566,1.68E+12,3,3,1,,2.333333333
Brazil,2008,1583.548399,1.70E+12,2,1,4,,2.333333333
Germany,1990,27505.01109,1.77E+12,1,4,1,,2
United Kingdom,2002,10640.98319,1.78E+12,1,5,0,,2
Brazil,2016,506.9512707,1.80E+12,1,5,0,,2
Brazil,2015,700.890162,1.80E+12,1,5,0,,2
India,2012,160.6945447,1.86E+12,1,5,0,,2
India,2011,182.4614301,1.87E+12,1,5,0,,2
Brazil,2018,370.2307724,1.87E+12,1,3,1,,1.666666667
Germany,1991,27174.30403,1.87E+12,1,4,1,,2
United States,1976,51575.61657,1.87E+12,1,3,1,,1.666666667
India,2013,163.2721885,1.92E+12,1,5,0,,2
Germany,2001,16640.07655,1.94E+12,1,5,0,,2
Germany,2000,17893.11069,1.94E+12,1,5,0,,2
China,2004,296.4762071,1.96E+12,1,4,0,,1.666666667
India,2014,160.9355564,2.04E+12,1,5,0,,2
Brazil,2017,403.4744506,2.05E+12,1,5,0,,2
United Kingdom,2003,8672.672704,2.05E+12,1,5,0,,2
Germany,2002,13447.46418,2.07E+12,1,5,0,,2
Germany,1993,31866.67551,2.07E+12,1,5,0,,2
Japan,1986,32176.21872,2.08E+12,1,4,1,,2
United States,1977,49882.47039,2.08E+12,1,4,1,,2
Germany,1992,30708.32335,2.13E+12,1,5,0,,2
India,2015,146.0250831,2.15E+12,1,5,0,,2
Germany,1999,17785.8474,2.19E+12,1,5,0,,2
Brazil,2010,1466.310486,2.21E+12,1,4,1,,2
Germany,1997,23511.173,2.21E+12,1,5,0,,2
Germany,1994,27278.69497,2.21E+12,1,5,0,,2
Germany,1998,22410.596,2.24E+12,1,5,0,,2
India,2016,125.1863264,2.29E+12,1,5,0,,2
China,2005,292.3468511,2.29E+12,1,4,0,,1.666666667
United States,1978,48516.16594,2.35E+12,1,4,1,,2
United Kingdom,2009,7810.887511,2.41E+12,1,5,0,,2
United Kingdom,2004,8192.068888,2.42E+12,1,5,0,,2
Brazil,2014,877.5789829,2.46E+12,1,5,0,,2
Brazil,2013,1007.789903,2.47E+12,1,5,0,,2
Brazil,2012,1163.496477,2.47E+12,1,5,0,,2
United Kingdom,2010,5975.885107,2.48E+12,1,5,0,,2
Germany,2003,9428.588889,2.50E+12,1,5,0,,2
Germany,1996,26658.29199,2.50E+12,1,5,0,,2
Japan,1987,33696.76287,2.53E+12,1,4,1,,2
United Kingdom,2005,8699.851123,2.54E+12,1,5,0,,2
Germany,1995,25752.68738,2.59E+12,1,5,0,,2
Brazil,2011,1322.403585,2.62E+12,1,5,0,,2
India,2017,117.8063957,2.63E+12,1,5,0,,2
United States,1979,47171.31915,2.63E+12,1,4,1,,2
United Kingdom,2011,4680.827029,2.66E+12,1,5,0,,2
United Kingdom,2017,2656.690664,2.67E+12,1,5,0,,2
United Kingdom,2016,3041.00431,2.69E+12,1,5,0,,2
United Kingdom,2012,4139.834214,2.70E+12,1,5,0,,2
United Kingdom,2006,9157.074155,2.71E+12,1,5,0,,2
China,2006,276.2053958,2.75E+12,1,5,0,,2
India,2018,112.4344934,2.78E+12,1,4,0,,1.666666667
United Kingdom,2013,4304.979124,2.79E+12,1,5,0,,2
Germany,2004,9334.272387,2.81E+12,1,5,0,,2
Germany,2005,9910.063977,2.85E+12,1,5,0,,2
United Kingdom,2018,2351.523769,2.86E+12,1,4,0,,1.666666667
United States,1980,48479.48313,2.86E+12,1,4,0,,1.666666667
United Kingdom,2008,10050.92704,2.92E+12,1,5,0,,2
United Kingdom,2015,3438.036269,2.93E+12,1,5,0,,2
Germany,2006,9965.588465,2.99E+12,1,5,0,,2
Japan,1989,35829.88639,3.05E+12,1,4,0,,1.666666667
United Kingdom,2014,3675.249919,3.06E+12,1,5,0,,2
Japan,1988,38326.22148,3.07E+12,1,4,0,,1.666666667
United Kingdom,2007,9617.817361,3.10E+12,1,5,0,,2
Japan,1990,31722.71193,3.13E+12,1,4,0,,1.666666667
United States,1981,48075.36518,3.21E+12,1,4,0,,1.666666667
United States,1982,46395.27416,3.34E+12,1,4,0,,1.666666667
Germany,2015,5047.103088,3.36E+12,1,5,0,,2
Germany,2010,9423.962887,3.40E+12,1,5,0,,2
Germany,2009,11235.71803,3.40E+12,1,5,0,,2
Germany,2007,10248.11681,3.42E+12,1,5,0,,2
Germany,2016,3799.616525,3.47E+12,1,5,0,,2
Germany,2012,6597.229185,3.53E+12,1,5,0,,2
China,2007,285.5647433,3.55E+12,1,5,0,,2
Japan,1991,34791.07064,3.58E+12,1,4,0,,1.666666667
United States,1983,44192.96193,3.63E+12,1,4,0,,1.666666667
Germany,2017,3172.801049,3.67E+12,1,5,0,,2
Germany,2013,6221.792682,3.73E+12,1,5,0,,2
Germany,2008,12139.70306,3.73E+12,1,5,0,,2
Germany,2011,7631.361638,3.74E+12,1,5,0,,2
Germany,2014,5643.214622,3.88E+12,1,5,0,,2
Japan,1992,38167.70538,3.91E+12,1,4,0,,1.666666667
Germany,2018,2746.750087,3.95E+12,1,4,0,,1.666666667
Japan,1998,25162.13497,4.03E+12,1,4,0,,1.666666667
United States,1984,41777.10074,4.04E+12,1,4,0,,1.666666667
Japan,2002,16969.7813,4.12E+12,1,4,0,,1.666666667
Japan,2001,20579.77413,4.30E+12,1,4,0,,1.666666667
United States,1985,39536.33794,4.34E+12,1,4,0,,1.666666667
Japan,2015,3944.933749,4.39E+12,1,4,0,,1.666666667
Japan,1997,28691.48728,4.41E+12,1,4,0,,1.666666667
Japan,2003,11477.29394,4.45E+12,1,4,0,,1.666666667
Japan,1993,43121.88217,4.45E+12,1,4,0,,1.666666667
Japan,2007,10266.65193,4.52E+12,1,4,0,,1.666666667
Japan,2006,9485.521361,4.53E+12,1,4,0,,1.666666667
Japan,1999,24624.78028,4.56E+12,1,4,0,,1.666666667
United States,1986,38068.9361,4.58E+12,1,4,0,,1.666666667
China,2008,306.1392596,4.59E+12,1,5,0,,2
Japan,2005,10324.23958,4.76E+12,1,4,0,,1.666666667
Japan,2004,10878.69966,4.82E+12,1,4,0,,1.666666667
Japan,1996,31187.80806,4.83E+12,1,4,0,,1.666666667
Japan,2014,4320.071896,4.85E+12,1,4,0,,1.666666667
Japan,2017,2256.491111,4.86E+12,1,4,0,,1.666666667
United States,1987,37180.34019,4.86E+12,1,4,0,,1.666666667
Japan,2000,24854.92227,4.89E+12,1,4,0,,1.666666667
Japan,1994,38928.34032,4.91E+12,1,4,0,,1.666666667
Japan,2016,2945.38803,4.93E+12,1,4,0,,1.666666667
Japan,2018,2026.21467,4.97E+12,1,4,0,,1.666666667
Japan,2008,9382.231547,5.04E+12,1,4,0,,1.666666667
China,2009,267.4060829,5.10E+12,1,5,0,,2
Japan,2013,4639.501126,5.16E+12,1,4,0,,1.666666667
Japan,2009,9027.432087,5.23E+12,1,4,0,,1.666666667
United States,1988,36393.14869,5.24E+12,1,4,0,,1.666666667
Japan,1995,35432.63209,5.45E+12,1,4,0,,1.666666667
United States,1989,34574.49996,5.64E+12,1,4,0,,1.666666667
Japan,2010,8747.14563,5.70E+12,1,4,0,,1.666666667
United States,1990,32934.70369,5.96E+12,1,4,0,,1.666666667
China,2010,224.7488135,6.09E+12,1,5,0,,2
Japan,2011,6282.55166,6.16E+12,1,4,0,,1.666666667
United States,1991,31568.3532,6.16E+12,1,4,0,,1.666666667
Japan,2012,5156.281056,6.20E+12,1,4,0,,1.666666667
United States,1992,30085.98174,6.52E+12,1,4,0,,1.666666667
United States,1993,28811.43876,6.86E+12,1,4,0,,1.666666667
United States,1994,27788.29608,7.29E+12,1,4,0,,1.666666667
China,2011,182.6260064,7.55E+12,1,4,0,,1.666666667
United States,1995,26426.6279,7.64E+12,1,4,0,,1.666666667
United States,1996,25371.84889,8.07E+12,1,4,0,,1.666666667
China,2012,163.2999234,8.53E+12,1,4,0,,1.666666667
United States,1997,24193.22795,8.58E+12,1,4,0,,1.666666667
United States,1998,23651.97799,9.06E+12,1,4,0,,1.666666667
China,2013,176.4460569,9.57E+12,1,4,0,,1.666666667
United States,1999,22591.09746,9.63E+12,1,4,0,,1.666666667
United States,2000,21168.25029,1.03E+13,1,4,0,,1.666666667
China,2014,158.7097585,1.04E+13,1,4,0,,1.666666667
United States,2001,19812.93508,1.06E+13,1,4,0,,1.666666667
United States,2002,18864.60543,1.09E+13,1,4,0,,1.666666667
China,2015,155.7565494,1.10E+13,1,4,0,,1.666666667
China,2016,130.7545657,1.11E+13,1,4,0,,1.666666667
United States,2003,18041.50585,1.15E+13,1,4,0,,1.666666667
China,2017,117.584016,1.21E+13,1,4,0,,1.666666667
United States,2004,16946.47227,1.22E+13,1,4,0,,1.666666667
United States,2005,15396.49339,1.30E+13,1,5,0,,2
China,2018,111.8927765,1.36E+13,1,4,0,,1.666666667
United States,2006,14300.58434,1.38E+13,1,4,0,,1.666666667
United States,2009,11556.88344,1.44E+13,1,4,0,,1.666666667
United States,2007,13845.17604,1.45E+13,1,4,0,,1.666666667
United States,2008,12451.42234,1.47E+13,1,4,0,,1.666666667
United States,2010,10441.18867,1.50E+13,1,5,0,,2
United States,2011,9329.866737,1.55E+13,1,5,0,,2
United States,2012,8473.663483,1.62E+13,1,5,0,,2
United States,2013,7690.772224,1.68E+13,1,5,0,,2
United States,2014,7117.166698,1.75E+13,1,5,0,,2
United States,2015,6624.147081,1.82E+13,1,5,0,,2
United States,2016,5997.614233,1.87E+13,1,5,0,,2
United States,2017,5510.585594,1.95E+13,1,5,0,,2
United States,2018,5122.838454,2.06E+13,1,4,0,,1.666666667
