Country Name,Year,"School enrollment, primary, male (% gross)","School enrollment, primary, female (% gross)"
United Arab Emirates,1970,0,0
United Arab Emirates,1971,93.91656,64.38101
United Arab Emirates,1972,102.64079,68.2361
United Arab Emirates,1973,100.76024,73.73899
United Arab Emirates,1974,94.96389,75.59203
United Arab Emirates,1975,91.88519,76.91771
United Arab Emirates,1976,99.1653,89.29002
United Arab Emirates,1977,102.00258,96.04888
United Arab Emirates,1978,99.36172,96.09121
United Arab Emirates,1979,94.35532,93.27118
United Arab Emirates,1980,92.53267,90.45863
United Arab Emirates,1981,90.4425,86.47605
United Arab Emirates,1982,94.67406,90.49996
United Arab Emirates,1983,95.29551,90.99318
United Arab Emirates,1984,96.00035,91.63288
United Arab Emirates,1985,95.69688,91.21188
United Arab Emirates,1986,95.75512,92.79494
United Arab Emirates,1987,97.79451,93.73063
United Arab Emirates,1988,101.47641,96.25357
United Arab Emirates,1989,106.31896,100.63874
United Arab Emirates,1990,109.98462,104.63873
United Arab Emirates,1991,109.91398,105.6892
United Arab Emirates,1992,104.38485,101.25624
United Arab Emirates,1993,100.81254,99.33257
United Arab Emirates,1994,101.17438,99.45523
United Arab Emirates,1995,102.08444,99.97455
United Arab Emirates,1996,98.71231,97.39786
United Arab Emirates,1997,94.74472,92.99405
United Arab Emirates,1998,90.79261,89.90126
United Arab Emirates,1999,0,0
United Arab Emirates,2000,0,0
United Arab Emirates,2001,0,0
United Arab Emirates,2002,0,0
United Arab Emirates,2003,0,0
United Arab Emirates,2004,0,0
United Arab Emirates,2005,0,0
United Arab Emirates,2006,0,0
United Arab Emirates,2007,101.12369,102.08926
United Arab Emirates,2008,0,0
United Arab Emirates,2009,0,0
United Arab Emirates,2010,0,0
United Arab Emirates,2011,0,0
United Arab Emirates,2012,99.05749,100.89756
United Arab Emirates,2013,97.36524,100.07414
United Arab Emirates,2014,102.14638,104.061
United Arab Emirates,2015,111.4482,111.64165
United Arab Emirates,2016,110.59621,106.67191
United Arab Emirates,2017,109.43032,107.34338
United Arab Emirates,2018,0,0
Belgium,1970,0,0
Belgium,1971,109.01056,107.80264
Belgium,1972,107.83959,106.6124
Belgium,1973,100.74033,101.80352
Belgium,1974,103.64514,103.53171
Belgium,1975,104.04535,103.67131
Belgium,1976,104.85562,104.50322
Belgium,1977,105.29582,104.62349
Belgium,1978,105.13108,104.45675
Belgium,1979,104.10623,104.04608
Belgium,1980,104.26874,103.79934
Belgium,1981,103.66424,103.29004
Belgium,1982,102.95121,102.72443
Belgium,1983,99.42584,100.00812
Belgium,1984,98.43192,99.36458
Belgium,1985,97.76149,98.81594
Belgium,1986,98.31717,99.31518
Belgium,1987,99.20808,100.73713
Belgium,1988,100.34394,102.07917
Belgium,1989,100.68074,102.48807
Belgium,1990,100.17272,101.99549
Belgium,1991,99.14735,101.49108
Belgium,1992,97.96965,99.94535
Belgium,1993,102.60664,102.30022
Belgium,1994,102.08865,101.54458
Belgium,1995,102.10333,101.47028
Belgium,1996,102.29454,101.72046
Belgium,1997,0,0
Belgium,1998,0,0
Belgium,1999,104.22233,103.40448
Belgium,2000,105.11682,104.53788
Belgium,2001,104.39378,103.74379
Belgium,2002,103.51315,102.80492
Belgium,2003,102.79345,101.90845
Belgium,2004,100.97505,100.6175
Belgium,2005,100.68205,100.23297
Belgium,2006,101.01987,100.43634
Belgium,2007,101.68722,101.37481
Belgium,2008,102.27424,102.03599
Belgium,2009,102.29118,101.95695
Belgium,2010,102.04114,101.80219
Belgium,2011,102.04789,101.84109
Belgium,2012,102.46356,102.03899
Belgium,2013,103.75601,103.89094
Belgium,2014,103.66256,103.63292
Belgium,2015,103.24168,103.06613
Belgium,2016,103.37549,103.25745
Belgium,2017,103.85522,103.9583
Belgium,2018,0,0
Bangladesh,1970,75.01241,36.77577
Bangladesh,1971,69.5763,33.82008
Bangladesh,1972,82.69713,45.60529
Bangladesh,1973,98.29336,54.23527
Bangladesh,1974,98.41187,50.67871
Bangladesh,1975,103.40944,55.55429
Bangladesh,1976,104.79487,56.94861
Bangladesh,1977,93.54437,56.91495
Bangladesh,1978,91.76194,55.66431
Bangladesh,1979,90.37881,54.69713
Bangladesh,1980,88.9099,53.76432
Bangladesh,1981,82.78151,57.52066
Bangladesh,1982,83.63597,59.16526
Bangladesh,1983,90.61421,54.85811
Bangladesh,1984,84.36321,58.78841
Bangladesh,1985,82.32944,56.97407
Bangladesh,1986,81.90802,56.60137
Bangladesh,1987,80.58701,55.75403
Bangladesh,1988,88.91376,71.63406
Bangladesh,1989,88.5853,71.91479
Bangladesh,1990,90.71054,76.59801
Bangladesh,1991,0,0
Bangladesh,1992,0,0
Bangladesh,1993,0,0
Bangladesh,1994,0,0
Bangladesh,1995,0,0
Bangladesh,1996,0,0
Bangladesh,1997,0,0
Bangladesh,1998,0,0
Bangladesh,1999,0,0
Bangladesh,2000,0,0
Bangladesh,2001,0,0
Bangladesh,2002,0,0
Bangladesh,2003,0,0
Bangladesh,2004,0,0
Bangladesh,2005,99.43055,103.95454
Bangladesh,2006,99.68595,105.25839
Bangladesh,2007,98.14192,105.24104
Bangladesh,2008,96.61229,102.59263
Bangladesh,2009,100.56885,105.38209
Bangladesh,2010,102.82547,109.25345
Bangladesh,2011,0,0
Bangladesh,2012,0,0
Bangladesh,2013,0,0
Bangladesh,2014,0,0
Bangladesh,2015,0,0
Bangladesh,2016,0,0
Bangladesh,2017,111.08681,119.05796
Bangladesh,2018,112.35745,120.75175
Bolivia,1970,103.9264,73.63778
Bolivia,1971,99.4352,77.48537
Bolivia,1972,0,0
Bolivia,1973,101.83837,82.76979
Bolivia,1974,103.34,85.68758
Bolivia,1975,107.76793,90.91034
Bolivia,1976,109.43229,93.46434
Bolivia,1977,105.21031,91.38094
Bolivia,1978,105.26135,92.99418
Bolivia,1979,106.79364,94.5608
Bolivia,1980,104.22809,95.58928
Bolivia,1981,107.45113,95.45904
Bolivia,1982,0,0
Bolivia,1983,108.37809,98.93133
Bolivia,1984,112.87334,105.78433
Bolivia,1985,0,0
Bolivia,1986,111.15253,103.58541
Bolivia,1987,118.2346,109.71624
Bolivia,1988,0,0
Bolivia,1989,106.51043,99.78017
Bolivia,1990,108.79159,102.52477
Bolivia,1991,110.35152,104.43667
Bolivia,1992,110.27417,104.81612
Bolivia,1993,110.36615,106.53688
Bolivia,1994,112.1914,108.73207
Bolivia,1995,114.61884,111.2442
Bolivia,1996,115.68168,112.48854
Bolivia,1997,116.80653,113.79012
Bolivia,1998,117.46653,115.13866
Bolivia,1999,119.15212,117.41966
Bolivia,2000,119.04975,117.36041
Bolivia,2001,117.92384,116.53197
Bolivia,2002,118.38586,117.23113
Bolivia,2003,116.20999,115.87395
Bolivia,2004,115.41124,115.42229
Bolivia,2005,114.74427,114.88491
Bolivia,2006,113.21954,113.34209
Bolivia,2007,112.40294,112.37399
Bolivia,2008,111.26639,110.73989
Bolivia,2009,107.71178,106.611
Bolivia,2010,104.81144,104.21731
Bolivia,2011,101.07133,100.28627
Bolivia,2012,98.93805,97.59756
Bolivia,2013,98.03699,95.94832
Bolivia,2014,96.99894,94.75959
Bolivia,2015,96.87174,94.9035
Bolivia,2016,97.32766,95.74906
Bolivia,2017,98.15357,96.87381
Bolivia,2018,98.63172,97.64904
Brazil,1970,0,0
Brazil,1971,0,0
Brazil,1972,0,0
Brazil,1973,0,0
Brazil,1974,0,0
Brazil,1975,0,0
Brazil,1976,0,0
Brazil,1977,0,0
Brazil,1978,0,0
Brazil,1979,0,0
Brazil,1980,0,0
Brazil,1981,0,0
Brazil,1982,0,0
Brazil,1983,0,0
Brazil,1984,0,0
Brazil,1985,0,0
Brazil,1986,0,0
Brazil,1987,0,0
Brazil,1988,0,0
Brazil,1989,0,0
Brazil,1990,0,0
Brazil,1991,0,0
Brazil,1992,0,0
Brazil,1993,0,0
Brazil,1994,0,0
Brazil,1995,0,0
Brazil,1996,0,0
Brazil,1997,0,0
Brazil,1998,0,0
Brazil,1999,168.11698,163.02089
Brazil,2000,0,0
Brazil,2001,155.56178,145.88491
Brazil,2002,152.00936,141.54553
Brazil,2003,144.47924,136.47261
Brazil,2004,136.88785,130.36466
Brazil,2005,137.21523,129.16456
Brazil,2006,0,0
Brazil,2007,131.2836,124.87829
Brazil,2008,136.59953,127.31312
Brazil,2009,133.94613,128.18803
Brazil,2010,0,0
Brazil,2011,137.27679,127.55449
Brazil,2012,137.73423,131.12866
Brazil,2013,116.25508,111.47087
Brazil,2014,116.70946,111.69786
Brazil,2015,115.05741,110.39203
Brazil,2016,115.36409,112.44399
Brazil,2017,117.3906,113.40708
Brazil,2018,0,0
Switzerland,1970,0,0
Switzerland,1971,0,0
Switzerland,1972,0,0
Switzerland,1973,93.29024,94.4015
Switzerland,1974,92.74716,93.68452
Switzerland,1975,91.90988,93.18697
Switzerland,1976,91.125,92.5116
Switzerland,1977,82.70722,83.84048
Switzerland,1978,83.73495,84.68825
Switzerland,1979,82.81324,83.61332
Switzerland,1980,82.24638,82.99566
Switzerland,1981,82.11441,82.92342
Switzerland,1982,82.13249,82.82508
Switzerland,1983,81.39488,82.4299
Switzerland,1984,80.82891,82.09162
Switzerland,1985,80.73834,81.82275
Switzerland,1986,81.16528,82.10592
Switzerland,1987,82.19493,83.40747
Switzerland,1988,84.13127,85.22351
Switzerland,1989,86.73904,87.67335
Switzerland,1990,89.21047,90.13831
Switzerland,1991,90.53945,91.45242
Switzerland,1992,90.62135,91.93563
Switzerland,1993,95.8723,95.3273
Switzerland,1994,94.65992,94.44411
Switzerland,1995,96.18731,95.9262
Switzerland,1996,98.17644,98.03136
Switzerland,1997,0,0
Switzerland,1998,105.62186,105.19219
Switzerland,1999,106.14734,105.5985
Switzerland,2000,106.77788,106.59656
Switzerland,2001,105.55587,105.68524
Switzerland,2002,104.54028,104.7198
Switzerland,2003,103.92003,104.12201
Switzerland,2004,103.47863,103.19076
Switzerland,2005,102.45818,102.1477
Switzerland,2006,102.19448,101.76763
Switzerland,2007,102.32881,101.87495
Switzerland,2008,102.7937,102.27318
Switzerland,2009,103.06809,102.58719
Switzerland,2010,103.07835,102.60698
Switzerland,2011,103.36028,102.85256
Switzerland,2012,103.274,103.02621
Switzerland,2013,103.69662,103.50073
Switzerland,2014,103.44964,103.52739
Switzerland,2015,104.32746,104.03302
Switzerland,2016,104.98087,104.25858
Switzerland,2017,105.53818,104.82491
Switzerland,2018,0,0
China,1970,0,0
China,1971,0,0
China,1972,0,0
China,1973,0,0
China,1974,137.51296,99.70216
China,1975,133.4168,108.96678
China,1976,130.15871,112.53715
China,1977,124.35269,108.30091
China,1978,118.35415,102.53646
China,1979,117.78225,100.32783
China,1980,118.28391,100.7516
China,1981,120.24503,101.62637
China,1982,120.81153,100.12945
China,1983,121.29536,99.63011
China,1984,121.90348,100.62605
China,1985,127.27997,105.4429
China,1986,130.24447,112.17604
China,1987,134.38029,117.41046
China,1988,135.92007,119.79486
China,1989,135.73279,120.76775
China,1990,134.05745,120.63996
China,1991,129.96523,118.44505
China,1992,126.49148,116.66322
China,1993,122.71495,113.76862
China,1994,118.60001,111.05683
China,1995,114.7107,108.62555
China,1996,110.34993,105.64649
China,1997,107.21956,103.67685
China,1998,107.07442,104.37068
China,1999,0,0
China,2000,0,0
China,2001,112.80651,111.83423
China,2002,0,0
China,2003,0,0
China,2004,0,0
China,2005,0,0
China,2006,101.37534,100.56225
China,2007,101.26806,100.07257
China,2008,101.47706,99.90914
China,2009,100.78334,99.12141
China,2010,99.77054,98.04289
China,2011,99.75012,98.24032
China,2012,100.30844,99.19531
China,2013,99.67513,99.43689
China,2014,95.7645,95.83343
China,2015,96.20934,96.44554
China,2016,97.7319,98.22966
China,2017,98.97126,99.90993
China,2018,99.69995,100.83158
Colombia,1970,100.8986,103.72905
Colombia,1971,103.15273,106.36779
Colombia,1972,103.50891,107.04693
Colombia,1973,106.10777,110.0004
Colombia,1974,106.2333,110.79488
Colombia,1975,109.31661,113.65654
Colombia,1976,112.99126,117.33515
Colombia,1977,116.44874,120.61439
Colombia,1978,120.11222,124.50472
Colombia,1979,123.18487,127.29337
Colombia,1980,119.45664,122.33459
Colombia,1981,120.91154,123.68968
Colombia,1982,112.13364,113.86987
Colombia,1983,111.7529,113.47207
Colombia,1984,110.39952,111.21487
Colombia,1985,107.61933,110.57432
Colombia,1986,104.47271,107.54752
Colombia,1987,106.49905,107.94645
Colombia,1988,106.29587,107.85393
Colombia,1989,106.45578,108.07661
Colombia,1990,100.28307,114.98017
Colombia,1991,107.10494,108.95897
Colombia,1992,109.37073,115.4504
Colombia,1993,111.99954,114.57967
Colombia,1994,113.94367,113.40709
Colombia,1995,114.29936,113.67733
Colombia,1996,118.6853,118.43025
Colombia,1997,0,0
Colombia,1998,122.33525,119.29999
Colombia,1999,119.5007,119.77936
Colombia,2000,119.45648,119.30828
Colombia,2001,116.70498,115.77276
Colombia,2002,117.6199,116.66644
Colombia,2003,0,0
Colombia,2004,120.2346,118.89933
Colombia,2005,122.59949,120.40718
Colombia,2006,123.2248,121.60144
Colombia,2007,123.57256,122.7143
Colombia,2008,123.90465,123.37565
Colombia,2009,124.75361,124.39658
Colombia,2010,121.31,119.29285
Colombia,2011,119.5957,115.65773
Colombia,2012,116.79493,113.04351
Colombia,2013,117.72556,114.74792
Colombia,2014,116.35377,112.65401
Colombia,2015,116.97879,113.40598
Colombia,2016,117.80097,114.59583
Colombia,2017,116.77469,113.11086
Colombia,2018,116.21716,112.75912
Germany,1970,0,0
Germany,1971,0,0
Germany,1972,0,0
Germany,1973,0,0
Germany,1974,0,0
Germany,1975,0,0
Germany,1976,0,0
Germany,1977,0,0
Germany,1978,0,0
Germany,1979,0,0
Germany,1980,0,0
Germany,1981,0,0
Germany,1982,0,0
Germany,1983,0,0
Germany,1984,0,0
Germany,1985,0,0
Germany,1986,0,0
Germany,1987,0,0
Germany,1988,0,0
Germany,1989,0,0
Germany,1990,0,0
Germany,1991,0,0
Germany,1992,98.70393,99.63171
Germany,1993,101.22357,100.42939
Germany,1994,100.83543,99.99972
Germany,1995,101.80275,100.92838
Germany,1996,103.10603,102.02764
Germany,1997,104.62938,103.45297
Germany,1998,106.11961,104.7981
Germany,1999,105.86061,104.64007
Germany,2000,105.85176,104.75588
Germany,2001,104.84972,103.84735
Germany,2002,103.02604,102.04504
Germany,2003,102.46592,101.71246
Germany,2004,103.20719,102.54263
Germany,2005,103.30777,102.89497
Germany,2006,104.44435,103.97075
Germany,2007,105.05855,104.50063
Germany,2008,104.3824,103.64774
Germany,2009,103.7097,103.06751
Germany,2010,103.28221,102.69517
Germany,2011,102.80138,102.11483
Germany,2012,101.74443,101.47709
Germany,2013,101.10455,100.55736
Germany,2014,100.70843,100.35925
Germany,2015,101.73029,101.60096
Germany,2016,102.66439,102.6915
Germany,2017,103.89301,104.1598
Germany,2018,0,0
Denmark,1970,0,0
Denmark,1971,94.92439,96.86668
Denmark,1972,95.53586,97.35013
Denmark,1973,98.09293,99.72711
Denmark,1974,100.89668,102.48316
Denmark,1975,101.38638,104.35513
Denmark,1976,104.57301,103.77289
Denmark,1977,99.39904,102.24428
Denmark,1978,98.02148,100.71764
Denmark,1979,95.82648,99.00331
Denmark,1980,97.1975,97.51301
Denmark,1981,95.36119,95.59286
Denmark,1982,96.19605,96.40157
Denmark,1983,97.85117,98.15753
Denmark,1984,99.00059,98.92843
Denmark,1985,98.53924,99.02563
Denmark,1986,98.73537,98.62751
Denmark,1987,98.7379,98.9879
Denmark,1988,98.80832,99.15072
Denmark,1989,97.65609,97.94835
Denmark,1990,97.53591,97.84123
Denmark,1991,98.1948,98.31617
Denmark,1992,97.5219,97.33748
Denmark,1993,98.69118,98.43646
Denmark,1994,100.43229,100.2129
Denmark,1995,100.23697,100.57589
Denmark,1996,100.83175,100.44908
Denmark,1997,0,0
Denmark,1998,101.43171,101.74723
Denmark,1999,101.16454,101.5151
Denmark,2000,101.2867,101.57652
Denmark,2001,101.20901,101.5231
Denmark,2002,103.18656,103.46623
Denmark,2003,0,0
Denmark,2004,100.79685,100.66441
Denmark,2005,98.78532,98.67506
Denmark,2006,99.27758,99.32654
Denmark,2007,99.9803,100.05085
Denmark,2008,99.34247,99.90137
Denmark,2009,99.38751,99.75237
Denmark,2010,99.48323,99.68572
Denmark,2011,101.07254,100.47503
Denmark,2012,101.79869,100.89399
Denmark,2013,102.06062,101.00692
Denmark,2014,101.86188,100.70018
Denmark,2015,102.11914,100.76162
Denmark,2016,102.38797,101.19146
Denmark,2017,101.585,100.93354
Denmark,2018,0,0
United Kingdom,1970,0,0
United Kingdom,1971,104.06214,103.98787
United Kingdom,1972,103.49131,103.23125
United Kingdom,1973,102.71217,102.50712
United Kingdom,1974,102.71214,102.65958
United Kingdom,1975,102.77642,102.98632
United Kingdom,1976,103.11217,103.579
United Kingdom,1977,103.53835,104.01168
United Kingdom,1978,103.66786,104.14881
United Kingdom,1979,103.89948,104.3545
United Kingdom,1980,104.07078,104.55131
United Kingdom,1981,103.70592,104.17443
United Kingdom,1982,102.8244,103.25505
United Kingdom,1983,101.67777,101.98005
United Kingdom,1984,102.54315,102.45317
United Kingdom,1985,102.56136,102.94766
United Kingdom,1986,104.87652,105.30309
United Kingdom,1987,106.53726,106.96206
United Kingdom,1988,107.5679,107.91256
United Kingdom,1989,107.16454,107.6584
United Kingdom,1990,106.60678,107.06716
United Kingdom,1991,105.13364,105.84386
United Kingdom,1992,104.09359,104.25321
United Kingdom,1993,0,0
United Kingdom,1994,0,0
United Kingdom,1995,0,0
United Kingdom,1996,0,0
United Kingdom,1997,0,0
United Kingdom,1998,100.85154,100.74056
United Kingdom,1999,100.63291,100.70593
United Kingdom,2000,100.32197,100.3973
United Kingdom,2001,100.16923,100.29372
United Kingdom,2002,99.75398,99.89481
United Kingdom,2003,99.90641,100.08469
United Kingdom,2004,105.8996,105.97256
United Kingdom,2005,106.43732,106.33244
United Kingdom,2006,104.82628,105.32282
United Kingdom,2007,103.03893,103.45207
United Kingdom,2008,105.23613,104.8792
United Kingdom,2009,104.41077,104.10147
United Kingdom,2010,104.8321,104.26413
United Kingdom,2011,104.49182,104.35634
United Kingdom,2012,106.26959,106.22143
United Kingdom,2013,107.23622,106.98184
United Kingdom,2014,102.35407,102.15237
United Kingdom,2015,101.99082,101.85664
United Kingdom,2016,101.42037,101.24605
United Kingdom,2017,101.29649,101.00604
United Kingdom,2018,0,0
Ghana,1970,0,0
Ghana,1971,69.51053,58.39319
Ghana,1972,68.00863,56.34238
Ghana,1973,69.17807,56.94486
Ghana,1974,67.04571,55.97523
Ghana,1975,68.29362,55.45806
Ghana,1976,73.94066,59.3373
Ghana,1977,75.43425,60.64786
Ghana,1978,75.81698,60.64319
Ghana,1979,76.70788,62.15402
Ghana,1980,77.76124,63.65961
Ghana,1981,79.90271,66.12368
Ghana,1982,82.13058,67.46868
Ghana,1983,80.5627,66.10327
Ghana,1984,77.6697,63.73288
Ghana,1985,80.5172,64.55805
Ghana,1986,0,0
Ghana,1987,78.78347,62.01441
Ghana,1988,76.18229,62.93836
Ghana,1989,79.84117,66.58905
Ghana,1990,77.33773,65.20753
Ghana,1991,85.55629,73.17808
Ghana,1992,85.31716,74.34937
Ghana,1993,83.84443,73.96165
Ghana,1994,84.72265,75.29112
Ghana,1995,82.51341,74.14715
Ghana,1996,0,0
Ghana,1997,0,0
Ghana,1998,0,0
Ghana,1999,81.40447,75.14826
Ghana,2000,85.75621,79.86348
Ghana,2001,80.21651,75.50875
Ghana,2002,83.39311,78.51442
Ghana,2003,79.71116,75.42454
Ghana,2004,83.18189,78.24144
Ghana,2005,88.2945,84.72448
Ghana,2006,91.50238,89.79421
Ghana,2007,96.39674,94.73205
Ghana,2008,101.84085,100.17072
Ghana,2009,101.08881,99.45972
Ghana,2010,0,0
Ghana,2011,103.44462,102.477
Ghana,2012,106.78825,106.58333
Ghana,2013,106.13864,106.06135
Ghana,2014,104.61776,104.55587
Ghana,2015,108.35676,108.31824
Ghana,2016,106.08688,107.39577
Ghana,2017,104.99049,106.05085
Ghana,2018,102.95552,104.20701
Greece,1970,0,0
Greece,1971,102.07469,100.33852
Greece,1972,102.65765,101.33025
Greece,1973,103.25139,102.3011
Greece,1974,104.14909,103.63168
Greece,1975,103.54115,103.53064
Greece,1976,102.7377,103.4058
Greece,1977,101.67974,102.67635
Greece,1978,100.45032,101.62741
Greece,1979,99.56219,100.1692
Greece,1980,97.99875,98.11082
Greece,1981,99.20384,99.70501
Greece,1982,99.34374,99.54482
Greece,1983,99.58679,100.09596
Greece,1984,99.38939,99.9034
Greece,1985,98.98793,99.41033
Greece,1986,97.84281,98.29816
Greece,1987,95.04387,95.28897
Greece,1988,95.63156,95.96877
Greece,1989,95.12101,95.24849
Greece,1990,94.82124,94.51779
Greece,1991,94.39816,94.17324
Greece,1992,92.36623,92.61222
Greece,1993,90.2866,90.65347
Greece,1994,90.15093,90.39567
Greece,1995,91.58927,93.36246
Greece,1996,92.01552,92.40175
Greece,1997,92.40058,92.90816
Greece,1998,94.97099,95.30089
Greece,1999,96.65002,96.80405
Greece,2000,97.61089,97.59918
Greece,2001,96.37108,96.28266
Greece,2002,97.8588,96.8856
Greece,2003,98.61249,97.26032
Greece,2004,99.85388,97.46844
Greece,2005,98.87174,96.75714
Greece,2006,98.77573,96.53981
Greece,2007,97.70858,95.84466
Greece,2008,0,0
Greece,2009,0,0
Greece,2010,99.63336,97.35484
Greece,2011,99.27747,97.26552
Greece,2012,100.12491,98.16421
Greece,2013,99.76923,98.04188
Greece,2014,98.44274,97.27929
Greece,2015,99.96263,99.06667
Greece,2016,99.4824,99.06119
Greece,2017,99.53925,99.56859
Greece,2018,0,0
India,1970,0,0
India,1971,94.82848,60.93055
India,1972,95.59606,61.65603
India,1973,98.88109,64.6029
India,1974,98.1295,64.18544
India,1975,99.06169,64.99838
India,1976,98.59437,65.1925
India,1977,101.58429,67.39325
India,1978,97.69724,63.71403
India,1979,96.72078,64.30547
India,1980,98.13615,65.61253
India,1981,99.59224,67.28797
India,1982,100.357,67.80452
India,1983,102.12351,69.8634
India,1984,103.74137,71.38266
India,1985,102.54234,72.23265
India,1986,103.68704,75.38278
India,1987,100.3617,74.42185
India,1988,101.44487,75.91306
India,1989,105.60787,77.50959
India,1990,104.00757,77.74122
India,1991,102.26427,78.98611
India,1992,101.90779,79.93688
India,1993,102.05487,83.30173
India,1994,102.76597,84.86303
India,1995,102.37105,84.71991
India,1996,101.69656,85.19561
India,1997,100.86754,85.34358
India,1998,98.85732,84.15724
India,1999,99.47441,84.89983
India,2000,101.02366,86.76234
India,2001,100.35762,87.15018
India,2002,100.1624,88.68851
India,2003,103.35813,101.92667
India,2004,0,0
India,2005,0,0
India,2006,0,0
India,2007,110.38395,109.61158
India,2008,109.66917,111.85216
India,2009,107.81465,111.28928
India,2010,107.68275,110.69512
India,2011,106.55448,110.31036
India,2012,107.78947,111.97443
India,2013,104.74869,117.12038
India,2014,102.35689,114.01876
India,2015,102.8335,114.78057
India,2016,106.4179,123.55514
India,2017,105.58101,121.12737
India,2018,0,0
"Iran, Islamic Rep.",1970,0,0
"Iran, Islamic Rep.",1971,89.95982,52.25176
"Iran, Islamic Rep.",1972,98.14925,57.26316
"Iran, Islamic Rep.",1973,101.92626,59.8996
"Iran, Islamic Rep.",1974,105.49808,61.84351
"Iran, Islamic Rep.",1975,114.70603,70.33812
"Iran, Islamic Rep.",1976,119.64554,77.05317
"Iran, Islamic Rep.",1977,123.15269,81.56487
"Iran, Islamic Rep.",1978,125.21048,84.92675
"Iran, Islamic Rep.",1979,0,0
"Iran, Islamic Rep.",1980,0,0
"Iran, Islamic Rep.",1981,0,0
"Iran, Islamic Rep.",1982,113.98372,81.02092
"Iran, Islamic Rep.",1983,113.69682,83.57288
"Iran, Islamic Rep.",1984,113.49814,87.67874
"Iran, Islamic Rep.",1985,112.27795,89.33222
"Iran, Islamic Rep.",1986,112.2975,91.53568
"Iran, Islamic Rep.",1987,112.15867,92.30362
"Iran, Islamic Rep.",1988,111.96576,94.24872
"Iran, Islamic Rep.",1989,111.29968,95.74282
"Iran, Islamic Rep.",1990,111.76706,98.04155
"Iran, Islamic Rep.",1991,113.26699,100.99567
"Iran, Islamic Rep.",1992,114.1729,103.02416
"Iran, Islamic Rep.",1993,112.82452,102.96591
"Iran, Islamic Rep.",1994,110.10672,101.39261
"Iran, Islamic Rep.",1995,108.35191,99.93731
"Iran, Islamic Rep.",1996,107.28371,98.83479
"Iran, Islamic Rep.",1997,104.12736,96.48227
"Iran, Islamic Rep.",1998,104.59869,97.05959
"Iran, Islamic Rep.",1999,103.50262,97.02752
"Iran, Islamic Rep.",2000,104.10104,98.10122
"Iran, Islamic Rep.",2001,106.27687,100.35826
"Iran, Islamic Rep.",2002,106.01011,100.69473
"Iran, Islamic Rep.",2003,104.60809,99.88328
"Iran, Islamic Rep.",2004,103.8393,99.53144
"Iran, Islamic Rep.",2005,100.87346,97.45368
"Iran, Islamic Rep.",2006,101.40602,98.05888
"Iran, Islamic Rep.",2007,101.72639,98.96748
"Iran, Islamic Rep.",2008,102.3123,99.93446
"Iran, Islamic Rep.",2009,103.04268,100.6152
"Iran, Islamic Rep.",2010,101.6997,99.56544
"Iran, Islamic Rep.",2011,101.77851,99.64402
"Iran, Islamic Rep.",2012,102.47323,100.40758
"Iran, Islamic Rep.",2013,114.25967,115.9077
"Iran, Islamic Rep.",2014,104.96897,110.25691
"Iran, Islamic Rep.",2015,105.68715,112.2737
"Iran, Islamic Rep.",2016,107.59598,115.06075
"Iran, Islamic Rep.",2017,107.69073,113.88066
"Iran, Islamic Rep.",2018,0,0
Iraq,1970,0,0
Iraq,1971,98.48988,42.08762
Iraq,1972,101.78859,43.096
Iraq,1973,103.42995,45.09498
Iraq,1974,104.57297,47.40092
Iraq,1975,103.15476,51.89518
Iraq,1976,112.0776,58.87733
Iraq,1977,112.70437,65.27168
Iraq,1978,109.96661,69.18857
Iraq,1979,116.01277,92.63194
Iraq,1980,115.91868,100.25917
Iraq,1981,111.43646,101.59169
Iraq,1982,108.53923,101.58344
Iraq,1983,106.38702,97.38571
Iraq,1984,108.31864,96.17825
Iraq,1985,109.48063,94.06848
Iraq,1986,109.58364,93.73512
Iraq,1987,111.31059,94.59778
Iraq,1988,110.81375,96.11512
Iraq,1989,111.60915,93.08005
Iraq,1990,0,0
Iraq,1991,117.74229,99.52119
Iraq,1992,97.63894,83.86448
Iraq,1993,97.1632,82.8042
Iraq,1994,0,0
Iraq,1995,0,0
Iraq,1996,91.4636,78.41712
Iraq,1997,0,0
Iraq,1998,0,0
Iraq,1999,107.18274,88.86458
Iraq,2000,105.7228,87.82456
Iraq,2001,0,0
Iraq,2002,0,0
Iraq,2003,114.332,97.09043
Iraq,2004,112.98499,95.26054
Iraq,2005,0,0
Iraq,2006,0,0
Iraq,2007,117.75579,99.11404
Iraq,2008,0,0
Iraq,2009,0,0
Iraq,2010,0,0
Iraq,2011,0,0
Iraq,2012,0,0
Iraq,2013,0,0
Iraq,2014,0,0
Iraq,2015,0,0
Iraq,2016,0,0
Iraq,2017,0,0
Iraq,2018,0,0
Iceland,1970,0,0
Iceland,1971,98.27232,97.97177
Iceland,1972,99.02266,98.8453
Iceland,1973,98.91892,98.70217
Iceland,1974,98.84488,99.12595
Iceland,1975,99.62204,100
Iceland,1976,99.88167,99.46845
Iceland,1977,99.63038,99.99214
Iceland,1978,0,0
Iceland,1979,0,0
Iceland,1980,0,0
Iceland,1981,0,0
Iceland,1982,0,0
Iceland,1983,99.36596,99.51742
Iceland,1984,100.2006,100.28553
Iceland,1985,0,0
Iceland,1986,97.63822,97.64715
Iceland,1987,97.87714,97.42067
Iceland,1988,99.96101,99.91058
Iceland,1989,100.91278,101.36397
Iceland,1990,0,0
Iceland,1991,0,0
Iceland,1992,0,0
Iceland,1993,99.00573,98.6697
Iceland,1994,97.39987,97.37368
Iceland,1995,97.98886,97.81334
Iceland,1996,97.6343,98.51683
Iceland,1997,98.18753,98.9372
Iceland,1998,99.91501,99.23622
Iceland,1999,102.3218,99.81569
Iceland,2000,104.1275,101.80556
Iceland,2001,103.72765,102.01058
Iceland,2002,100.32856,98.7336
Iceland,2003,99.29633,97.23144
Iceland,2004,97.7699,95.51192
Iceland,2005,98.0117,95.66197
Iceland,2006,97.71775,96.88257
Iceland,2007,97.82456,98.45805
Iceland,2008,98.90994,99.58678
Iceland,2009,99.65884,100.11602
Iceland,2010,98.99003,99.63761
Iceland,2011,98.64409,98.98411
Iceland,2012,98.01765,98.41895
Iceland,2013,98.43862,97.78287
Iceland,2014,98.65022,97.70069
Iceland,2015,98.67192,98.57701
Iceland,2016,99.58274,99.48309
Iceland,2017,100.35396,100.34877
Iceland,2018,0,0
Japan,1970,0,0
Japan,1971,0,0
Japan,1972,0,0
Japan,1973,0,0
Japan,1974,0,0
Japan,1975,0,0
Japan,1976,0,0
Japan,1977,0,0
Japan,1978,0,0
Japan,1979,0,0
Japan,1980,0,0
Japan,1981,0,0
Japan,1982,0,0
Japan,1983,0,0
Japan,1984,0,0
Japan,1985,0,0
Japan,1986,0,0
Japan,1987,0,0
Japan,1988,0,0
Japan,1989,0,0
Japan,1990,0,0
Japan,1991,0,0
Japan,1992,0,0
Japan,1993,0,0
Japan,1994,0,0
Japan,1995,0,0
Japan,1996,0,0
Japan,1997,0,0
Japan,1998,0,0
Japan,1999,0,0
Japan,2000,0,0
Japan,2001,0,0
Japan,2002,0,0
Japan,2003,0,0
Japan,2004,0,0
Japan,2005,0,0
Japan,2006,0,0
Japan,2007,0,0
Japan,2008,0,0
Japan,2009,0,0
Japan,2010,0,0
Japan,2011,0,0
Japan,2012,0,0
Japan,2013,0,0
Japan,2014,0,0
Japan,2015,0,0
Japan,2016,0,0
Japan,2017,0,0
Japan,2018,0,0
Lebanon,1970,0,0
Lebanon,1971,145.81152,125.66255
Lebanon,1972,0,0
Lebanon,1973,0,0
Lebanon,1974,138.61631,129.31907
Lebanon,1975,0,0
Lebanon,1976,0,0
Lebanon,1977,0,0
Lebanon,1978,0,0
Lebanon,1979,0,0
Lebanon,1980,0,0
Lebanon,1981,0,0
Lebanon,1982,123.27615,115.46615
Lebanon,1983,118.17864,108.02945
Lebanon,1984,0,0
Lebanon,1985,99.37543,90.58411
Lebanon,1986,0,0
Lebanon,1987,0,0
Lebanon,1988,0,0
Lebanon,1989,0,0
Lebanon,1990,0,0
Lebanon,1991,0,0
Lebanon,1992,0,0
Lebanon,1993,0,0
Lebanon,1994,0,0
Lebanon,1995,0,0
Lebanon,1996,0,0
Lebanon,1997,0,0
Lebanon,1998,0,0
Lebanon,1999,0,0
Lebanon,2000,0,0
Lebanon,2001,0,0
Lebanon,2002,0,0
Lebanon,2003,0,0
Lebanon,2004,0,0
Lebanon,2005,0,0
Lebanon,2006,0,0
Lebanon,2007,0,0
Lebanon,2008,0,0
Lebanon,2009,0,0
Lebanon,2010,0,0
Lebanon,2011,0,0
Lebanon,2012,0,0
Lebanon,2013,0,0
Lebanon,2014,0,0
Lebanon,2015,0,0
Lebanon,2016,0,0
Lebanon,2017,0,0
Lebanon,2018,0,0
Libya,1970,0,0
Libya,1971,126.24381,75.66619
Libya,1972,133.46603,88.78687
Libya,1973,133.97258,99.92914
Libya,1974,129.76452,106.3821
Libya,1975,127.87327,109.40184
Libya,1976,126.5861,111.40769
Libya,1977,121.16711,110.05168
Libya,1978,115.01364,105.64174
Libya,1979,120.26071,110.43665
Libya,1980,117.61517,108.30018
Libya,1981,115.24777,107.62514
Libya,1982,0,0
Libya,1983,116.90793,109.07656
Libya,1984,0,0
Libya,1985,0,0
Libya,1986,111.98414,105.53563
Libya,1987,0,0
Libya,1988,0,0
Libya,1989,0,0
Libya,1990,0,0
Libya,1991,0,0
Libya,1992,0,0
Libya,1993,0,0
Libya,1994,0,0
Libya,1995,0,0
Libya,1996,0,0
Libya,1997,0,0
Libya,1998,0,0
Libya,1999,108.45832,106.92603
Libya,2000,0,0
Libya,2001,102.73537,104.52957
Libya,2002,103.19533,103.30911
Libya,2003,104.81064,101.61346
Libya,2004,106.96891,103.8996
Libya,2005,102.69798,101.4564
Libya,2006,111.30974,106.59642
Libya,2007,0,0
Libya,2008,0,0
Libya,2009,0,0
Libya,2010,0,0
Libya,2011,0,0
Libya,2012,0,0
Libya,2013,0,0
Libya,2014,0,0
Libya,2015,0,0
Libya,2016,0,0
Libya,2017,0,0
Libya,2018,0,0
Sri Lanka,1970,106.03214,96.49003
Sri Lanka,1971,103.31967,102.94816
Sri Lanka,1972,0,0
Sri Lanka,1973,0,0
Sri Lanka,1974,0,0
Sri Lanka,1975,86.02126,79.06304
Sri Lanka,1976,85.1485,78.57155
Sri Lanka,1977,90.18084,83.27344
Sri Lanka,1978,114.44251,105.6303
Sri Lanka,1979,0,0
Sri Lanka,1980,122.04292,116.22724
Sri Lanka,1981,124.75023,119.58255
Sri Lanka,1982,124.37944,119.80939
Sri Lanka,1983,123.57404,118.93133
Sri Lanka,1984,123.1583,118.71653
Sri Lanka,1985,123.89061,119.43796
Sri Lanka,1986,125.35289,121.01347
Sri Lanka,1987,109.54565,105.50741
Sri Lanka,1988,110.88215,107.0375
Sri Lanka,1989,111.81723,108.2132
Sri Lanka,1990,111.69,107.94285
Sri Lanka,1991,111.74703,107.98252
Sri Lanka,1992,109.66911,106.08076
Sri Lanka,1993,108.60755,105.55213
Sri Lanka,1994,108.20701,105.06324
Sri Lanka,1995,111.04719,107.79348
Sri Lanka,1996,106.33787,103.73214
Sri Lanka,1997,0,0
Sri Lanka,1998,108.11546,105.82817
Sri Lanka,1999,0,0
Sri Lanka,2000,0,0
Sri Lanka,2001,108.63108,106.93053
Sri Lanka,2002,106.66938,105.40116
Sri Lanka,2003,103.06099,102.49141
Sri Lanka,2004,94.57353,100.8334
Sri Lanka,2005,99.83376,99.28779
Sri Lanka,2006,99.34748,98.44568
Sri Lanka,2007,98.86997,97.69085
Sri Lanka,2008,97.93264,96.60648
Sri Lanka,2009,95.75162,94.04776
Sri Lanka,2010,100.74422,98.24813
Sri Lanka,2011,101.51485,97.51822
Sri Lanka,2012,101.13022,98.76951
Sri Lanka,2013,101.85019,99.42777
Sri Lanka,2014,102.51886,100.18917
Sri Lanka,2015,102.737,100.57343
Sri Lanka,2016,102.55836,100.37505
Sri Lanka,2017,101.35095,99.90265
Sri Lanka,2018,100.69527,99.61806
Norway,1970,0,0
Norway,1971,98.88047,108.8949
Norway,1972,103.94992,103.83684
Norway,1973,100.23423,100.5145
Norway,1974,100.95314,101.10749
Norway,1975,101.19105,101.51233
Norway,1976,100.6439,100.93736
Norway,1977,100.87307,100.91738
Norway,1978,99.9141,100.09641
Norway,1979,99.39863,99.65198
Norway,1980,99.24925,99.68362
Norway,1981,99.40388,99.49742
Norway,1982,99.06363,99.23882
Norway,1983,98.21491,98.35333
Norway,1984,97.65802,97.91159
Norway,1985,96.78665,96.83579
Norway,1986,96.81026,96.81255
Norway,1987,97.28423,97.67172
Norway,1988,98.24171,98.05527
Norway,1989,99.17842,99.09309
Norway,1990,100.1284,100.24413
Norway,1991,100.42335,100.32546
Norway,1992,99.99494,100.05721
Norway,1993,98.86503,99.2189
Norway,1994,98.65485,98.80464
Norway,1995,98.54811,98.42259
Norway,1996,98.53917,98.58086
Norway,1997,84.23457,84.43869
Norway,1998,100.1519,100.37191
Norway,1999,100.84317,100.66499
Norway,2000,100.7246,100.98357
Norway,2001,100.77973,100.95433
Norway,2002,100.07585,100.33012
Norway,2003,99.95142,100.02044
Norway,2004,99.2699,99.43913
Norway,2005,98.36917,98.66178
Norway,2006,98.27813,98.9296
Norway,2007,99.00529,99.1521
Norway,2008,99.13787,99.39836
Norway,2009,99.00187,99.31741
Norway,2010,98.93186,99.23571
Norway,2011,99.30276,99.50677
Norway,2012,99.67776,100.09844
Norway,2013,100.27058,100.17448
Norway,2014,99.86322,99.79021
Norway,2015,100.03813,99.76582
Norway,2016,100.33622,100.11042
Norway,2017,100.30022,100.21819
Norway,2018,0,0
New Zealand,1970,111.54781,109.51926
New Zealand,1971,109.69293,107.57369
New Zealand,1972,107.85158,106.24733
New Zealand,1973,106.73215,104.93619
New Zealand,1974,106.54355,104.06057
New Zealand,1975,107.92242,105.49898
New Zealand,1976,109.24963,106.98157
New Zealand,1977,110.09987,107.90184
New Zealand,1978,110.30056,108.11869
New Zealand,1979,109.86398,107.58067
New Zealand,1980,108.19498,106.01189
New Zealand,1981,105.96203,103.49964
New Zealand,1982,105.663,102.87406
New Zealand,1983,104.98626,102.21213
New Zealand,1984,105.53284,103.43119
New Zealand,1985,106.30582,104.37171
New Zealand,1986,105.68102,104.30796
New Zealand,1987,106.26856,105.09088
New Zealand,1988,104.99073,104.42001
New Zealand,1989,104.5654,103.49711
New Zealand,1990,105.69083,103.74187
New Zealand,1991,103.08825,102.02305
New Zealand,1992,101.44521,100.39098
New Zealand,1993,100.46859,99.84147
New Zealand,1994,100.24938,99.80685
New Zealand,1995,101.66457,101.36679
New Zealand,1996,100.39059,100.03069
New Zealand,1997,101.78105,101.10399
New Zealand,1998,102.01406,101.5773
New Zealand,1999,100.60794,100.43995
New Zealand,2000,99.45583,99.6308
New Zealand,2001,98.08353,97.49062
New Zealand,2002,97.61746,97.13856
New Zealand,2003,98.66995,98.1814
New Zealand,2004,98.87743,98.17049
New Zealand,2005,100.12016,99.29473
New Zealand,2006,100.53192,99.81092
New Zealand,2007,100.73705,100.46344
New Zealand,2008,101.10457,100.84891
New Zealand,2009,100.98804,101.14229
New Zealand,2010,100.95279,101.277
New Zealand,2011,99.42703,100.14609
New Zealand,2012,98.01148,98.70183
New Zealand,2013,97.62525,98.28005
New Zealand,2014,97.46127,97.79055
New Zealand,2015,97.68881,98.21236
New Zealand,2016,98.46164,99.20377
New Zealand,2017,99.7651,100.19743
New Zealand,2018,0,0
Pakistan,1970,0,0
Pakistan,1971,70.39636,26.93189
Pakistan,1972,69.70851,27.2975
Pakistan,1973,71.65698,30.0251
Pakistan,1974,74.89918,31.46306
Pakistan,1975,75.14126,31.97473
Pakistan,1976,75.82232,33.67024
Pakistan,1977,78.57801,33.5872
Pakistan,1978,66.2323,32.84909
Pakistan,1979,66.02255,32.58672
Pakistan,1980,64.90922,32.62164
Pakistan,1981,65.92495,33.75872
Pakistan,1982,66.55772,34.79239
Pakistan,1983,69.82658,35.68336
Pakistan,1984,69.96021,35.90174
Pakistan,1985,71.69598,37.38382
Pakistan,1986,71.79915,38.0559
Pakistan,1987,74.77975,39.26491
Pakistan,1988,74.70672,40.01456
Pakistan,1989,75.40681,39.85985
Pakistan,1990,75.80545,40.4436
Pakistan,1991,0,0
Pakistan,1992,0,0
Pakistan,1993,0,0
Pakistan,1994,0,0
Pakistan,1995,0,0
Pakistan,1996,0,0
Pakistan,1997,0,0
Pakistan,1998,0,0
Pakistan,1999,0,0
Pakistan,2000,83.95615,57.06668
Pakistan,2001,83.81426,57.01294
Pakistan,2002,83.88115,57.13639
Pakistan,2003,83.83887,60.91778
Pakistan,2004,88.56481,64.91
Pakistan,2005,91.50459,70.34328
Pakistan,2006,86.64995,68.56943
Pakistan,2007,90.36279,75.29171
Pakistan,2008,90.03915,75.90518
Pakistan,2009,90.20036,77.07291
Pakistan,2010,90.99827,77.63804
Pakistan,2011,86.69284,74.51299
Pakistan,2012,85.64099,74.64866
Pakistan,2013,84.9642,73.89344
Pakistan,2014,90.68501,77.39932
Pakistan,2015,91.42446,78.25324
Pakistan,2016,98.22488,83.88247
Pakistan,2017,96.99446,83.70682
Pakistan,2018,101.97848,86.11134
Singapore,1970,0,0
Singapore,1971,0,0
Singapore,1972,0,0
Singapore,1973,0,0
Singapore,1974,0,0
Singapore,1975,0,0
Singapore,1976,0,0
Singapore,1977,0,0
Singapore,1978,0,0
Singapore,1979,0,0
Singapore,1980,0,0
Singapore,1981,0,0
Singapore,1982,0,0
Singapore,1983,0,0
Singapore,1984,0,0
Singapore,1985,0,0
Singapore,1986,0,0
Singapore,1987,0,0
Singapore,1988,0,0
Singapore,1989,0,0
Singapore,1990,0,0
Singapore,1991,0,0
Singapore,1992,0,0
Singapore,1993,0,0
Singapore,1994,0,0
Singapore,1995,0,0
Singapore,1996,0,0
Singapore,1997,0,0
Singapore,1998,0,0
Singapore,1999,0,0
Singapore,2000,0,0
Singapore,2001,0,0
Singapore,2002,0,0
Singapore,2003,0,0
Singapore,2004,0,0
Singapore,2005,0,0
Singapore,2006,0,0
Singapore,2007,0,0
Singapore,2008,0,0
Singapore,2009,0,0
Singapore,2010,0,0
Singapore,2011,0,0
Singapore,2012,0,0
Singapore,2013,0,0
Singapore,2014,0,0
Singapore,2015,0,0
Singapore,2016,100.85035,100.69286
Singapore,2017,100.67982,100.57172
Singapore,2018,0,0
Sweden,1970,0,0
Sweden,1971,93.13761,94.95933
Sweden,1972,94.95366,96.71553
Sweden,1973,96.29217,97.86961
Sweden,1974,98.21315,99.27928
Sweden,1975,99.88297,100.85034
Sweden,1976,100.67841,101.54925
Sweden,1977,100.04317,100.74478
Sweden,1978,98.62836,99.03973
Sweden,1979,98.36873,98.26392
Sweden,1980,97.27604,97.27787
Sweden,1981,96.44336,96.55186
Sweden,1982,96.93008,96.90768
Sweden,1983,97.69776,97.84365
Sweden,1984,98.22197,98.03949
Sweden,1985,97.2677,98.4505
Sweden,1986,97.80946,97.55821
Sweden,1987,98.27441,98.05597
Sweden,1988,98.58497,98.41473
Sweden,1989,98.7937,98.75798
Sweden,1990,99.48998,99.54328
Sweden,1991,99.61612,99.8375
Sweden,1992,100.17769,100.49358
Sweden,1993,103.541,105.03564
Sweden,1994,103.42572,104.94942
Sweden,1995,103.51195,105.01047
Sweden,1996,103.64884,105.16163
Sweden,1997,104.20767,105.73973
Sweden,1998,108.3311,112.07185
Sweden,1999,108.31923,111.56732
Sweden,2000,108.24982,111.02194
Sweden,2001,108.31652,111.07645
Sweden,2002,107.07614,110.00252
Sweden,2003,105.96536,108.67284
Sweden,2004,97.54324,97.0805
Sweden,2005,95.94527,95.65748
Sweden,2006,95.7624,95.52782
Sweden,2007,96.82883,96.55985
Sweden,2008,98.96737,98.44897
Sweden,2009,100.14228,99.65077
Sweden,2010,101.69725,101.16406
Sweden,2011,100.62391,100.22249
Sweden,2012,102.00091,101.84269
Sweden,2013,117.05366,123.98248
Sweden,2014,117.6599,124.23183
Sweden,2015,120.48721,125.52125
Sweden,2016,123.2888,126.49916
Sweden,2017,125.75098,127.44611
Sweden,2018,0,0
Syrian Arab Republic,1970,0,0
Syrian Arab Republic,1971,102.62687,59.56499
Syrian Arab Republic,1972,105.98369,64.49097
Syrian Arab Republic,1973,110.56544,70.2155
Syrian Arab Republic,1974,111.28827,72.80402
Syrian Arab Republic,1975,112.14063,74.05574
Syrian Arab Republic,1976,113.39213,76.31651
Syrian Arab Republic,1977,112.15634,77.1718
Syrian Arab Republic,1978,110.42466,77.548
Syrian Arab Republic,1979,109.06058,78.37488
Syrian Arab Republic,1980,107.80701,81.55292
Syrian Arab Republic,1981,107.34093,83.3533
Syrian Arab Republic,1982,107.2547,86.10095
Syrian Arab Republic,1983,106.60989,87.44976
Syrian Arab Republic,1984,107.5968,90.59502
Syrian Arab Republic,1985,108.22095,93.18552
Syrian Arab Republic,1986,109.15315,95.95113
Syrian Arab Republic,1987,111.21201,99.58427
Syrian Arab Republic,1988,110.40311,99.29893
Syrian Arab Republic,1989,111.15203,100.2457
Syrian Arab Republic,1990,110.46349,99.85558
Syrian Arab Republic,1991,111.87321,101.27458
Syrian Arab Republic,1992,113.1645,102.52013
Syrian Arab Republic,1993,111.98202,102.07614
Syrian Arab Republic,1994,112.05891,102.27757
Syrian Arab Republic,1995,111.43239,101.77277
Syrian Arab Republic,1996,111.03472,101.31121
Syrian Arab Republic,1997,110.2041,100.82476
Syrian Arab Republic,1998,108.87602,100.76796
Syrian Arab Republic,1999,110.45673,101.46225
Syrian Arab Republic,2000,111.38281,103.04402
Syrian Arab Republic,2001,113.20884,105.81176
Syrian Arab Republic,2002,115.12185,108.23428
Syrian Arab Republic,2003,124.08109,118.68912
Syrian Arab Republic,2004,123.20741,118.59174
Syrian Arab Republic,2005,122.12797,118.6331
Syrian Arab Republic,2006,119.5004,116.26877
Syrian Arab Republic,2007,117.70672,114.52634
Syrian Arab Republic,2008,117.02352,113.85745
Syrian Arab Republic,2009,116.64243,113.13203
Syrian Arab Republic,2010,118.82916,114.71897
Syrian Arab Republic,2011,123.585,119.51671
Syrian Arab Republic,2012,130.7886,126.0301
Syrian Arab Republic,2013,83.06492,80.203
Syrian Arab Republic,2014,0,0
Syrian Arab Republic,2015,0,0
Syrian Arab Republic,2016,0,0
Syrian Arab Republic,2017,0,0
Syrian Arab Republic,2018,0,0
United States,1970,0,0
United States,1971,0,0
United States,1972,0,0
United States,1973,0,0
United States,1974,0,0
United States,1975,0,0
United States,1976,0,0
United States,1977,0,0
United States,1978,0,0
United States,1979,0,0
United States,1980,0,0
United States,1981,0,0
United States,1982,0,0
United States,1983,0,0
United States,1984,0,0
United States,1985,0,0
United States,1986,0,0
United States,1987,0,0
United States,1988,0,0
United States,1989,0,0
United States,1990,0,0
United States,1991,0,0
United States,1992,0,0
United States,1993,0,0
United States,1994,0,0
United States,1995,0,0
United States,1996,0,0
United States,1997,0,0
United States,1998,0,0
United States,1999,0,0
United States,2000,0,0
United States,2001,0,0
United States,2002,0,0
United States,2003,0,0
United States,2004,0,0
United States,2005,102.41138,101.3106
United States,2006,0,0
United States,2007,0,0
United States,2008,0,0
United States,2009,0,0
United States,2010,100.82667,99.81811
United States,2011,99.1939,99.59456
United States,2012,99.90838,98.38959
United States,2013,99.85975,99.03338
United States,2014,99.83744,99.50208
United States,2015,100.31204,100.28726
United States,2016,101.44578,101.27641
United States,2017,102.20446,101.422
United States,2018,0,0
